Nation,Position,Name,Jahrgang,Verein,Länderspiele
Algerien,GK,Melvin Mastil,2000,FC Stade Nyonnais,2
Algerien,DF,Aissa Mandi,1991,Lille OSC,120
Algerien,DF,Achref Abada,1999,USM Alger,10
Algerien,DF,Mohamed Amine Tougai,2000,Espérance de Tunisie,30
Algerien,DF,Zineddine Belaïd,1999,JS Kabylie,18
Algerien,MF,Ramiz Zerrouki,1998,FC Twente,54
Algerien,FW,Riyad Mahrez,1991,Al Ahli FC,117
Algerien,MF,Houssem Aouar,1998,Al Ittihad,24
Algerien,FW,Amine Gouiri,2000,Olympique Marseille,24
Algerien,MF,Fares Chaibi,2002,Eintracht Frankfurt,32
Algerien,FW,Anis Hadj Moussa,2002,Feyenoord Rotterdam,16
Algerien,FW,Nadhir Benbouali,2000,Györi ETO FC,4
Algerien,DF,Jaouen Hadjam,2003,BSC Young Boys,18
Algerien,MF,Hicham Boudaoui,1999,OGC Nice,35
Algerien,DF,Rayan Aït-Nouri,2001,Manchester City FC,31
Algerien,GK,Oussama Benbot,1994,USM Alger,3
Algerien,DF,Rak Belghali,2002,Hellas Verona FC,14
Algerien,FW,Mohammed Amoura,2000,VfL Wolfsburg,48
Algerien,MF,Nabil Bentaleb,1994,Lille OSC,61
Algerien,FW,Adil Boulbina,2003,Al Duhail SC,12
Algerien,DF,Ramy Bensebaini,1995,Borussia Dortmund,83
Algerien,MF,Ibrahim Maza,2005,Bayer 04 Leverkusen,18
Algerien,GK,Luca Zidane,1998,Granada CF,8
Algerien,MF,Yassine Titraoui,2003,Sporting Charleroi,5
Algerien,FW,Fares Ghedjemis,2002,Frosinone,1
Algerien,DF,Samir Chergui,1999,Paris FC,5
Argentinien,GK,Juan Musso,1994,Atlético de Madrid,4
Argentinien,DF,Marcos Senesi,1997,AFC Bournemouth,3
Argentinien,DF,Nicolás Tagliafico,1992,Olympique Lyonnais,76
Argentinien,DF,Gonzalo Montiel,1997,CA River Plate,40
Argentinien,MF,Leandro Paredes,1994,CA Boca Juniors,77
Argentinien,DF,Lisandro Martínez,1998,Manchester United FC,29
Argentinien,MF,Rodrigo De Paul,1994,Inter Miami CF,88
Argentinien,MF,Valentin Barco,2004,RC Strasbourg,4
Argentinien,FW,Julián Álvarez,2000,Atlético de Madrid,52
Argentinien,FW,Lionel Messi,1987,Inter Miami CF,200
Argentinien,MF,Giovani Lo Celso,1996,Real Betis,67
Argentinien,GK,Gerónimo Rulli,1992,Olympique Marseille,8
Argentinien,DF,Cristian Romero,1998,Tottenham Hotspur FC,52
Argentinien,MF,Exequiel Palacios,1998,Bayer 04 Leverkusen,40
Argentinien,MF,Nicolás González,1998,Atlético de Madrid,52
Argentinien,FW,Thiago Almada,2001,Atlético de Madrid,17
Argentinien,FW,Giuliano Simeone,2002,Atlético de Madrid,13
Argentinien,FW,Nico Paz,2004,Como,10
Argentinien,DF,Nicolás Otamendi,1988,SL Benfica,133
Argentinien,MF,Alexis Mac Allister,1998,Liverpool FC,47
Argentinien,FW,José Lopez,2000,SE Palmeiras,5
Argentinien,FW,Lautaro Martínez,1997,FC Internazionale Milano,78
Argentinien,GK,Emiliano Martínez,1992,Aston Villa FC,60
Argentinien,MF,Enzo Fernández,2001,Chelsea FC,43
Argentinien,DF,Facundo Medina,1999,Olympique Marseille,10
Argentinien,DF,Nahuel Molina,1998,Atlético de Madrid,59
Australien,GK,Mathew Ryan,1992,Levante UD,104
Australien,DF,Miloš Degenek,1994,APOEL FC,57
Australien,DF,Alessandro Circati,2003,Parma,15
Australien,DF,Jacob Italiano,2001,Grazer AK,7
Australien,DF,Jordan Bos,2002,Feyenoord Rotterdam,29
Australien,DF,Jason Geria,1993,Albirex Niigata,16
Australien,FW,Mathew Leckie,1991,Melbourne City FC,82
Australien,MF,Connor Metcalfe,1999,FC St. Pauli,38
Australien,FW,Mohamed Touré,2004,Norwich City FC,12
Australien,MF,Ajdin Hrustic,1996,SC Heracles Almelo,37
Australien,FW,Awer Mabil,1995,CD Castellón,38
Australien,GK,Paul Izzo,1995,Randers FC,4
Australien,MF,Aiden O'Neill,1998,New York City FC,33
Australien,MF,Cameron Devlin,1998,Heart Of Midlothian FC,5
Australien,DF,Kai Trewin,2001,New York City FC,6
Australien,DF,Aziz Behich,1990,Melbourne City FC,85
Australien,FW,Nestory Irankunda,2006,Watford FC,17
Australien,GK,Patrick Beach,2003,Melbourne City FC,4
Australien,DF,Harry Souttar,1998,Leicester City FC,40
Australien,FW,Cristian Volpato,2003,US Sassuolo,2
Australien,DF,Cameron Burgess,1995,Swansea City AFC,29
Australien,MF,Jackson Irvine,1993,FC St. Pauli,84
Australien,FW,Nishan Velupillay,2001,Melbourne Victory FC,9
Australien,MF,Paul Okon-Engstler,2005,Sydney FC,8
Australien,DF,Lucas Herrington,2007,Colorado Rapids,4
Australien,FW,Tete Yengi,2000,FC Machida Zelvia,2
Belgien,GK,Thibaut Courtois,1992,Real Madrid C.F.,110
Belgien,DF,Zeno Debast,2003,Sporting CP,26
Belgien,DF,Arthur Theate,2000,Eintracht Frankfurt,33
Belgien,DF,Brandon Mechele,1993,Club Brugge,10
Belgien,DF,Maxim De Cuyper,2000,Brighton & Hove Albion FC,20
Belgien,MF,Axel Witsel,1989,Girona FC,138
Belgien,MF,Kevin De Bruyne,1991,SSC Napoli,120
Belgien,MF,Youri Tielemans,1997,Aston Villa FC,86
Belgien,FW,Romelu Lukaku,1993,SSC Napoli,127
Belgien,FW,Leandro Trossard,1994,Arsenal FC,52
Belgien,FW,Jeremy Doku,2002,Manchester City FC,44
Belgien,GK,Senne Lammens,2002,Manchester United FC,2
Belgien,GK,Mike Penders,2005,RC Strasbourg,0
Belgien,FW,Dodi Lukebakio,1997,SL Benfica,30
Belgien,DF,Thomas Meunier,1991,Lille OSC,81
Belgien,DF,Koni De Winter,2002,AC Milan,8
Belgien,FW,Charles De Ketelaere,2001,Atalanta Bergamo,31
Belgien,DF,Joaquin Seys,2005,Club Brugge,5
Belgien,MF,Diego Moreira,2004,RC Strasbourg,3
Belgien,MF,Hans Vanaken,1992,Club Brugge,35
Belgien,DF,Timothy Castagne,1995,Fulham FC,64
Belgien,MF,Alexis Saelemaekers,1999,AC Milan,24
Belgien,MF,Nicolas Raskin,2001,Rangers FC,14
Belgien,MF,Amadou Onana,2001,Aston Villa FC,30
Belgien,DF,Nathan Ngoy,2003,Lille OSC,5
Belgien,FW,Matias Fernandez-Pardo,2005,Lille OSC,3
Bosnien-Herzegowina,GK,Nikola Vasilj,1995,FC St. Pauli,28
Bosnien-Herzegowina,DF,Nihad Mujakić,1998,Gaziantep FK,12
Bosnien-Herzegowina,DF,Dennis Hadžikadunić,1998,UC Sampdoria,32
Bosnien-Herzegowina,DF,Tarik Muharemović,2003,US Sassuolo,16
Bosnien-Herzegowina,DF,Sead Kolašinac,1993,Atalanta Bergamo,67
Bosnien-Herzegowina,MF,Benjamin Tahirović,2003,Brøndby IF,30
Bosnien-Herzegowina,DF,Amar Dedić,2002,SL Benfica,30
Bosnien-Herzegowina,MF,Armin Gigović,2002,BSC Young Boys,21
Bosnien-Herzegowina,FW,Samed Baždar,2004,Jagiellonia Białystok,14
Bosnien-Herzegowina,FW,Ermedin Demirović,1998,VfB Stuttgart,42
Bosnien-Herzegowina,FW,Edin Džeko,1986,FC Schalke 04,149
Bosnien-Herzegowina,GK,Mladen Jurkas,2007,FK Borac Banja Luka,0
Bosnien-Herzegowina,MF,Ivan Bašić,2002,FC Astana,19
Bosnien-Herzegowina,MF,Ivan Šunjić,1996,Pafos FC,13
Bosnien-Herzegowina,MF,Amar Memić,2001,FC Viktoria Plzeň,15
Bosnien-Herzegowina,MF,Amir Hadžiahmetović,1997,Hull City FC,37
Bosnien-Herzegowina,MF,Dženis Burnić,1998,Karlsruher SC,21
Bosnien-Herzegowina,DF,Nikola Katić,1996,FC Schalke 04,19
Bosnien-Herzegowina,FW,Kerim Alajbegović,2007,FC Red Bull Salzburg,12
Bosnien-Herzegowina,MF,Esmir Bajraktarević,2005,PSV Eindhoven,18
Bosnien-Herzegowina,DF,Stjepan Radeljić,1997,HNK Rijeka,5
Bosnien-Herzegowina,GK,Martin Zlomislić,1998,HNK Rijeka,3
Bosnien-Herzegowina,FW,Haris Tabaković,1994,Borussia Mönchengladbach,10
Bosnien-Herzegowina,DF,Arjan Malić,2005,SK Sturm Graz,8
Bosnien-Herzegowina,FW,Jovo Lukić,1998,Universitatea Cluj,5
Bosnien-Herzegowina,MF,Ermin Mahmić,2005,FC Slovan Liberec,3
Brasilien,GK,Alisson,1992,Liverpool FC,80
Brasilien,MF,Éderson Silva,1999,Atalanta Bergamo,4
Brasilien,DF,Gabriel Magalhães,1997,Arsenal FC,19
Brasilien,DF,Marquinhos,1994,Paris Saint-Germain,107
Brasilien,MF,Casemiro,1992,Manchester United FC,88
Brasilien,DF,Alex Sandro,1991,CR Flamengo,45
Brasilien,FW,Vinícius Júnior,2000,Real Madrid C.F.,51
Brasilien,MF,Bruno Guimarães,1997,Newcastle United FC,45
Brasilien,FW,Matheus Cunha,1999,Manchester United FC,25
Brasilien,FW,Neymar,1992,Santos FC,128
Brasilien,FW,Raphinha,1996,FC Barcelona,41
Brasilien,GK,Weverton,1987,Grêmio FBPA,11
Brasilien,DF,Danilo Luiz,1991,CR Flamengo,72
Brasilien,DF,Bremer,1997,Juventus FC,8
Brasilien,DF,Léo Pereira,1996,CR Flamengo,4
Brasilien,DF,Douglas Santos,1994,FC Zenit St. Petersburg,9
Brasilien,MF,Fabinho,1993,Al Ittihad,34
Brasilien,MF,Danilo Santos,2001,Botafogo,6
Brasilien,FW,Endrick,2006,Olympique Lyonnais,18
Brasilien,MF,Lucas Paquetá,1997,CR Flamengo,65
Brasilien,FW,Luiz Henrique,2001,FC Zenit St. Petersburg,16
Brasilien,FW,Gabriel Martinelli,2001,Arsenal FC,24
Brasilien,GK,Ederson,1993,Fenerbahçe SK,32
Brasilien,DF,Roger Ibañez,1998,Al Ahli FC,8
Brasilien,FW,Igor Thiago,2001,Brentford FC,5
Brasilien,FW,Rayan,2006,AFC Bournemouth,3
Curaçao,GK,Eloy Room,1989,Miami FC,74
Curaçao,DF,Shurandy Sambo,2001,Sparta Rotterdam,8
Curaçao,DF,Juriën Gaari,1993,Abha Club,61
Curaçao,DF,Roshon van Eijma,1998,RKC Waalwijk,29
Curaçao,DF,Sherel Floranus,1998,PEC Zwolle,29
Curaçao,MF,Godfried Roemeratoe,1999,RKC Waalwijk,30
Curaçao,MF,Juninho Bacuna,1997,FC Volendam,52
Curaçao,MF,Livano Comenencia,2004,FC Zürich,22
Curaçao,FW,Jürgen Locadia,1993,Miami FC,15
Curaçao,MF,Leandro Bacuna,1991,Iğdır FK,74
Curaçao,FW,Jeremy Antonisse,2002,AE Kifisia FC,28
Curaçao,FW,Sontje Hansen,2002,Middlesbrough FC,7
Curaçao,MF,Tyrese Noslin,2002,SC Telstar,7
Curaçao,FW,Kenji Gorré,1994,Maccabi Haifa FC,39
Curaçao,MF,Ar'jany Martha,2003,Rotherham United FC,9
Curaçao,FW,Jearl Margaritha,2000,SK Beveren,24
Curaçao,FW,Brandley Kuwas,1992,FC Volendam,36
Curaçao,DF,Armando Obispo,1999,PSV Eindhoven,8
Curaçao,FW,Gervane Kastaneer,1996,Terengganu FC,31
Curaçao,DF,Joshua Brenet,1994,Kayserispor,19
Curaçao,MF,Tahith Chong,1999,Sheffield United FC,8
Curaçao,MF,Kevin Felida,1999,FC Den Bosch,19
Curaçao,DF,Riechedly Bazoer,1996,Konyaspor,6
Curaçao,DF,Deveron Fonville,2003,NEC Nijmegen,4
Curaçao,GK,Tyrick Bodak,2002,SC Telstar,4
Curaçao,GK,Trevor Doornbusch,1999,VVV Venlo,8
Deutschland,GK,Manuel Neuer,1986,FC Bayern München,126
Deutschland,DF,Antonio Rüdiger,1993,Real Madrid C.F.,84
Deutschland,DF,Waldemar Anton,1996,Borussia Dortmund,14
Deutschland,DF,Jonathan Tah,1996,FC Bayern München,49
Deutschland,MF,Aleksandar Pavlović,2004,FC Bayern München,13
Deutschland,MF,Joshua Kimmich,1995,FC Bayern München,112
Deutschland,FW,Kai Havertz,1999,Arsenal FC,60
Deutschland,MF,Leon Goretzka,1995,FC Bayern München,72
Deutschland,MF,Jamie Leweling,2001,VfB Stuttgart,6
Deutschland,MF,Jamal Musiala,2003,FC Bayern München,44
Deutschland,FW,Nick Woltemade,2002,Newcastle United FC,11
Deutschland,GK,Oliver Baumann,1990,TSG Hoffenheim,13
Deutschland,MF,Pascal Groß,1991,Brighton & Hove Albion FC,18
Deutschland,FW,Maximilian Beier,2002,Borussia Dortmund,9
Deutschland,DF,Nico Schlotterbeck,1999,Borussia Dortmund,29
Deutschland,MF,Angelo Stiller,2001,VfB Stuttgart,8
Deutschland,MF,Florian Wirtz,2003,Liverpool FC,43
Deutschland,DF,Nathaniel Brown,2003,Eintracht Frankfurt,7
Deutschland,MF,Leroy Sané,1996,Galatasaray SK,78
Deutschland,MF,Nadiem Amiri,1996,1. FSV Mainz 05,12
Deutschland,GK,Alexander Nübel,1996,VfB Stuttgart,3
Deutschland,DF,David Raum,1998,RB Leipzig,38
Deutschland,MF,Felix Nmecha,2000,Borussia Dortmund,10
Deutschland,DF,Malick Thiaw,2001,Newcastle United FC,5
Deutschland,MF,Lennart Karl,2008,FC Bayern München,3
Deutschland,FW,Deniz Undav,1996,VfB Stuttgart,11
Ecuador,GK,Hernán Galíndez,1987,CA Huracán,37
Ecuador,DF,Félix Torres,1997,SC Internacional,49
Ecuador,DF,Piero Hincapié,2002,Arsenal FC,54
Ecuador,DF,Joel Ordóñez,2004,Club Brugge,18
Ecuador,MF,Jordy Alcívar,1999,Independiente del Valle,12
Ecuador,DF,Willian Pacho,2001,Paris Saint-Germain,36
Ecuador,DF,Pervis Estupiñán,1998,AC Milan,55
Ecuador,MF,Anthony Valencia,2003,Royal Antwerp FC,3
Ecuador,FW,John Yeboah,2000,Venezia FC,24
Ecuador,MF,Kendry Páez,2007,CA River Plate,26
Ecuador,FW,Kevin Rodríguez,2000,Royale Union Saint-Gilloise,33
Ecuador,GK,Moisés Ramírez,2000,AE Kifisia FC,7
Ecuador,FW,Enner Valencia,1989,CF Pachuca,107
Ecuador,MF,Alan Minda,2003,Atlético Mineiro,21
Ecuador,MF,Pedro Vite,2002,Pumas UNAM,19
Ecuador,FW,Jordy Caicedo,1997,CA Huracán,21
Ecuador,DF,Ángelo Preciado,1998,Atlético Mineiro,58
Ecuador,MF,Denil Castillo,2004,FC Midtjylland,5
Ecuador,FW,Gonzalo Plata,2000,CR Flamengo,52
Ecuador,FW,Nilson Angulo,2003,Sunderland AFC,16
Ecuador,MF,Alan Franco,1998,Atlético Mineiro,60
Ecuador,GK,Gonzalo Valle,1996,LDU Quito,4
Ecuador,MF,Moisés Caicedo,2001,Chelsea FC,63
Ecuador,FW,Jeremy Arévalo,2005,VfB Stuttgart,4
Ecuador,DF,Jackson Porozo,2000,Club Tijuana,10
Ecuador,DF,Yaimar Medina,2004,KRC Genk,6
Elfenbeinküste,GK,Yahia Fofana,2000,Çaykur Rizespor,38
Elfenbeinküste,DF,Ousmane Diomande,2003,Sporting CP,16
Elfenbeinküste,DF,Ghislain Konan,1995,Gil Vicente FC,56
Elfenbeinküste,MF,Jean Michaël Seri,1991,NK Maribor,65
Elfenbeinküste,DF,Wilfried Singo,2000,Galatasaray SK,37
Elfenbeinküste,MF,Seko Fofana,1995,FC Porto,34
Elfenbeinküste,DF,Odilon Kossounou,2001,Atalanta Bergamo,38
Elfenbeinküste,MF,Franck Kessié,1996,Al Ahli FC,106
Elfenbeinküste,FW,Ange-Yoan Bonny,2003,FC Internazionale Milano,3
Elfenbeinküste,FW,Simon Adingra,2002,AS Monaco,30
Elfenbeinküste,FW,Yan Diomande,2006,RB Leipzig,12
Elfenbeinküste,FW,Elye Wahi,2003,OGC Nice,3
Elfenbeinküste,DF,Christopher Operi,1997,Başakşehir FK,12
Elfenbeinküste,FW,Oumar Diakité,2003,Cercle Brugge,29
Elfenbeinküste,FW,Amad Diallo,2002,Manchester United FC,21
Elfenbeinküste,GK,Mohamed Koné,2002,Sporting Charleroi,0
Elfenbeinküste,DF,Guéla Doué,2002,RC Strasbourg,22
Elfenbeinküste,MF,Ibrahim Sangaré,1997,Nottingham Forest FC,57
Elfenbeinküste,FW,Nicolas Pépé,1995,Villarreal CF,58
Elfenbeinküste,DF,Emmanuel Agbadou,1997,Beşiktaş JK,23
Elfenbeinküste,DF,Evan Ndicka,1999,AS Roma,29
Elfenbeinküste,FW,Evann Guessand,2001,Crystal Palace FC,22
Elfenbeinküste,GK,Alban Lafont,1999,Panathinaikos FC,4
Elfenbeinküste,FW,Bazoumana Touré,2006,TSG Hoffenheim,7
Elfenbeinküste,MF,Parfait Guiagon,2001,Sporting Charleroi,5
Elfenbeinküste,MF,Christ Inao Oulaï,2006,Trabzonspor,11
England,GK,Jordan Pickford,1994,Everton FC,85
England,DF,Ezri Konsa,1997,Aston Villa FC,21
England,DF,Nico O'Reilly,2005,Manchester City FC,6
England,MF,Declan Rice,1999,Arsenal FC,74
England,DF,John Stones,1994,Manchester City FC,90
England,DF,Marc Guéhi,2000,Manchester City FC,30
England,FW,Bukayo Saka,2001,Arsenal FC,50
England,MF,Elliot Anderson,2002,Nottingham Forest FC,10
England,FW,Harry Kane,1993,FC Bayern München,115
England,MF,Jude Bellingham,2003,Real Madrid C.F.,49
England,FW,Marcus Rashford,1997,FC Barcelona,73
England,DF,Trevoh Chalobah,1999,Chelsea FC,1
England,GK,Dean Henderson,1997,Crystal Palace FC,5
England,MF,Jordan Henderson,1990,Brentford FC,90
England,DF,Dan Burn,1992,Newcastle United FC,8
England,MF,Kobbie Mainoo,2005,Manchester United FC,14
England,MF,Morgan Rogers,2002,Aston Villa FC,16
England,FW,Anthony Gordon,2001,Newcastle United FC,20
England,FW,Ollie Watkins,1995,Aston Villa FC,22
England,FW,Noni Madueke,2002,Arsenal FC,12
England,MF,Eberechi Eze,1998,Arsenal FC,17
England,FW,Ivan Toney,1996,Al Ahli FC,8
England,GK,James Trafford,2002,Manchester City FC,2
England,DF,Reece James,1999,Chelsea FC,25
England,DF,Djed Spence,2000,Tottenham Hotspur FC,7
England,DF,Jarell Quansah,2003,Bayer 04 Leverkusen,3
Frankreich,GK,Brice Samba,1994,Stade Rennais FC,4
Frankreich,DF,Malo Gusto,2003,Chelsea FC,11
Frankreich,DF,Lucas Digne,1993,Aston Villa FC,58
Frankreich,DF,Dayot Upamecano,1998,FC Bayern München,39
Frankreich,DF,Jules Koundé,1998,FC Barcelona,49
Frankreich,MF,Manu Koné,2001,AS Roma,14
Frankreich,FW,Ousmane Dembélé,1997,Paris Saint-Germain,60
Frankreich,MF,Aurélien Tchouaméni,2000,Real Madrid C.F.,47
Frankreich,FW,Marcus Thuram,1997,FC Internazionale Milano,34
Frankreich,FW,Kylian Mbappé,1998,Real Madrid C.F.,99
Frankreich,FW,Michael Olise,2001,FC Bayern München,18
Frankreich,FW,Bradley Barcola,2002,Paris Saint-Germain,21
Frankreich,MF,N'Golo Kanté,1991,Fenerbahçe SK,69
Frankreich,MF,Adrien Rabiot,1995,AC Milan,60
Frankreich,DF,Ibrahima Konaté,1999,Liverpool FC,28
Frankreich,GK,Mike Maignan,1995,AC Milan,41
Frankreich,DF,William Saliba,2001,Arsenal FC,33
Frankreich,MF,Warren Zaïre-Emery,2006,Paris Saint-Germain,11
Frankreich,DF,Théo Hernandez,1997,Al Hilal SC,45
Frankreich,FW,Désiré Doué,2005,Paris Saint-Germain,8
Frankreich,DF,Lucas Hernandez,1996,Paris Saint-Germain,42
Frankreich,FW,Jean-Philippe Mateta,1997,Crystal Palace FC,4
Frankreich,GK,Robin Risser,2004,RC Lens,0
Frankreich,MF,Rayan Cherki,2003,Manchester City FC,8
Frankreich,MF,Maghnes Akliouche,2002,AS Monaco,9
Frankreich,DF,Maxence Lacroix,2000,Crystal Palace FC,4
Ghana,GK,Lawrence Zigi,1996,FC St. Gallen,31
Ghana,DF,Alidu Seidu,2000,Stade Rennais FC,24
Ghana,MF,Caleb Yirenkyi,2006,FC Nordsjælland,12
Ghana,DF,Jonas Adjetey,2003,VfL Wolfsburg,11
Ghana,MF,Thomas Partey,1993,Villarreal CF,59
Ghana,DF,Abdul Mumin,1998,Rayo Vallecano,5
Ghana,FW,Abdul Fatawu,2004,Leicester City FC,29
Ghana,MF,Kwasi Sibo,1998,Real Oviedo,9
Ghana,FW,Jordan Ayew,1991,Leicester City FC,121
Ghana,FW,Brandon Thomas-Asante,1998,Coventry City FC,9
Ghana,MF,Antoine Semenyo,2000,Manchester City FC,35
Ghana,GK,Joseph Anang,2000,St Patrick's Athletic FC,1
Ghana,FW,Christopher Bonsu Baah,2004,Al Qadsiah FC,9
Ghana,DF,Gideon Mensah,1998,AJ Auxerre,41
Ghana,MF,Elisha Owusu,1997,AJ Auxerre,21
Ghana,GK,Benjamin Asare,1992,Hearts of Oak SC,14
Ghana,DF,Baba Rahman,1994,PAOK Saloniki,53
Ghana,DF,Jerome Opoku,1998,Başakşehir FK,12
Ghana,FW,Inaki Williams,1994,Athletic Club,26
Ghana,MF,Augustine Boakye,2000,AS Saint-Etienne,0
Ghana,DF,Kojo Oppong,2004,OGC Nice,4
Ghana,FW,Kamaldeen Sulemana,2002,Atalanta Bergamo,29
Ghana,DF,Derrick Luckassen,1995,Pafos FC,1
Ghana,FW,Ernest Nuamah,2003,Olympique Lyonnais,20
Ghana,FW,Prince Adu,2003,FC Viktoria Plzeň,6
Ghana,DF,Marvin Senaya,2001,AJ Auxerre,3
Haiti,GK,Johny Placide,1988,SC Bastia,85
Haiti,DF,Carlens Arcus,1996,Angers SCO,58
Haiti,DF,Keeto Thermoncy,2006,BSC Young Boys,1
Haiti,DF,Ricardo Adé,1990,LDU Quito,63
Haiti,DF,Hannes Delcroix,1999,FC Lugano,9
Haiti,MF,Carl Sainté,2002,El Paso Locomotive FC,26
Haiti,FW,Derrick Etienne Jr.,1996,Toronto FC,51
Haiti,DF,Martin Expérience,1999,AS Nancy,23
Haiti,FW,Duckens Nazon,1994,Esteghlal Tehran FC,83
Haiti,MF,Jean-Ricner Bellegarde,1998,Wolverhampton Wanderers FC,12
Haiti,FW,Louicius Deedson,2001,FC Dallas,34
Haiti,GK,Alexandre Pierre,2001,FC Sochaux-Montbéliard,17
Haiti,DF,Duke Lacroix,1993,Colorado Springs Switchbacks FC,16
Haiti,DF,Garven Metusala,1999,Colorado Springs Switchbacks FC,15
Haiti,FW,Ruben Providence,2001,Almere City FC,17
Haiti,FW,Lenny Joseph,2000,Ferencvárosi TC,4
Haiti,MF,Danley Jean Jacques,2000,Philadelphia Union,33
Haiti,FW,Wilson Isidor,2000,Sunderland AFC,6
Haiti,FW,Yassin Fortune,1999,FC Vizela,5
Haiti,FW,Frantzdy Pierrot,1995,Çaykur Rizespor,55
Haiti,FW,Josué Casimir,2001,AJ Auxerre,9
Haiti,DF,Jean-Kévin Duverne,1997,KAA Gent,18
Haiti,GK,Josué Duverger,2000,FC Cosmos Koblenz,7
Haiti,DF,Wilguens Paugain,2001,SV Zulte Waregem,8
Haiti,MF,Dominique Simon,2000,FC Tatran Prešov,3
Haiti,MF,Woodensky Pierre,2004,Violette AC,1
Irak,GK,Jalal Hassan,1989,Zamalek SC,72
Irak,GK,Mohammed Hameed,1997,Al-Zawraa,18
Irak,GK,Ali Bassem,2002,Al-Shorta,4
Irak,DF,Ali Adnan,1994,Colorado Rapids,88
Irak,DF,Rebin Sulaka,1997,FC Emmen,22
Irak,DF,Saad Natiq,1993,Al-Zawraa,48
Irak,DF,Ahmed Salam,1995,Al-Shorta,38
Irak,DF,Yaser Kasim,1991,Brisbane Roar,54
Irak,DF,Alaa Abbas,1998,Al-Zawraa,28
Irak,DF,Mohammed Al-Hamdani,2001,1. FC Union Berlin,8
Irak,MF,Amjad Attwan,1990,Al-Zawraa,62
Irak,MF,Balal Faiq,1994,FC Augsburg,48
Irak,MF,Ayman Hussein,1993,Al-Zawraa,78
Irak,MF,Safaa Hadi,1994,Al-Zawraa,52
Irak,MF,Karrar Mohammad,2001,Feyenoord Rotterdam,14
Irak,MF,Hussein Ali,1997,Al-Qasimy,32
Irak,MF,Hussain Bakarman,1994,Al-Riffa,28
Irak,FW,Aymen Hussein,1993,Al-Zawraa,78
Irak,FW,Mohanad Ali,1993,Apollon Limassol,62
Irak,FW,Hammadi Ahmed,1989,Al-Zawraa,92
Irak,FW,Mahdi Kamil,1996,Sepahan SC,38
Irak,FW,Ahmed Yasin,1991,AEL Limassol,48
Irak,FW,Dana Hawel,1991,Esteghlal Tehran FC,66
Irak,FW,Ameen Al-Dakhil,2003,Standard Liège,12
Irak,GK,Ahmed Basil,1999,Al-Zawraa,8
Irak,DF,Ali Jasim,2003,AFC Ajax,6
Iran,GK,Alireza Beiranvand,1992,Persepolis FC,88
Iran,GK,Hossein Hosseini,1999,Perspolis FC,14
Iran,GK,Payam Niazmand,1994,Tractor SC,8
Iran,DF,Shoja Khalilzadeh,1990,Persepolis FC,74
Iran,DF,Ramin Rezaeian,1990,Sepahan SC,78
Iran,DF,Milad Mohammadi,1993,AEK Athens,68
Iran,DF,Majid Hosseini,1999,Kasımpaşa,32
Iran,DF,Sadegh Moharrami,1995,GNK Dinamo Zagreb,48
Iran,DF,Abolfazl Jalali,1997,Esteghlal FC,18
Iran,DF,Hossein Kanaanizadegan,2001,Persepolis FC,14
Iran,DF,Mohammad Mohebbi,1996,Persepolis FC,12
Iran,MF,Alireza Jahanbakhsh,1994,Feyenoord Rotterdam,98
Iran,MF,Saeid Ezatolahi,1996,Qarabag FK,62
Iran,MF,Ahmad Nourollahi,1995,Esteghlal FC,56
Iran,MF,Ali Karimi,2002,Feyenoord Rotterdam,18
Iran,MF,Ehsan Hajsafi,1990,Olympiacos FC,126
Iran,MF,Mohammad Karimi,1998,Teheran,24
Iran,MF,Omid Ebrahimi,1987,Sepahan SC,88
Iran,FW,Mehdi Taremi,1992,FC Internazionale Milano,102
Iran,FW,Sardar Azmoun,1995,Bayer 04 Leverkusen,78
Iran,FW,Karim Ansarifard,1990,Atromitos FC,102
Iran,FW,Allahyar Sayyadmanesh,2001,Lecce,22
Iran,FW,Saman Ghoddos,1994,Brentford FC,52
Iran,FW,Vahid Amiri,1990,Persepolis FC,88
Iran,FW,Ali Gholizadeh,1997,Charlotte FC,32
Iran,FW,Ahmad Abedzadeh,2002,Angers SCO,8
Japan,GK,Zion Suzuki,2002,Parma,24
Japan,DF,Yukinari Sugawara,2000,SV Werder Bremen,21
Japan,DF,Shōgo Taniguchi,1991,Sint-Truiden VV,38
Japan,DF,Kō Itakura,1997,AFC Ajax,40
Japan,DF,Yūto Nagatomo,1986,FC Tokyo,145
Japan,MF,Wataru Endo,1993,Liverpool FC,73
Japan,MF,Ao Tanaka,1998,Leeds United,38
Japan,MF,Takefusa Kubo,2001,Real Sociedad,49
Japan,FW,Keisuke Gotō,2005,Sint-Truiden VV,4
Japan,MF,Ritsu Dōan,1998,Eintracht Frankfurt,65
Japan,FW,Daizen Maeda,1997,Celtic FC,27
Japan,GK,Keisuke Ōsako,1999,Sanfrecce Hiroshima,11
Japan,MF,Keito Nakamura,2000,Stade de Reims,25
Japan,MF,Junya Itō,1993,KRC Genk,69
Japan,MF,Daichi Kamada,1996,Crystal Palace FC,49
Japan,DF,Tsuyoshi Watanabe,1997,Feyenoord Rotterdam,11
Japan,FW,Yuito Suzuki,2001,SC Freiburg,6
Japan,FW,Ayase Ueda,1998,Feyenoord Rotterdam,39
Japan,FW,Kōki Ogawa,1997,NEC Nijmegen,15
Japan,DF,Ayumu Seko,2000,Le Havre AC,14
Japan,DF,Hiroki Itō,1999,FC Bayern München,24
Japan,DF,Takehiro Tomiyasu,1998,AFC Ajax,43
Japan,GK,Tomoki Hayakawa,1999,Kashima Antlers,4
Japan,MF,Kaishū Sano,2000,1. FSV Mainz 05,13
Japan,DF,Junnosuke Suzuki,2003,FC København,6
Japan,FW,Kento Shiogai,2005,VfL Wolfsburg,2
Jordanien,GK,Yazeed Abo Laila,1993,Al-Faisaly,52
Jordanien,GK,Ahmad Rashed,1997,Al-Jazeera,18
Jordanien,GK,Amer Shafi,1989,Shabab Al-Ahli,44
Jordanien,DF,Baha' Abdelrahman,1993,Al-Wehdat,62
Jordanien,DF,Mutaz Yaseen,1992,Al-Ramtha,48
Jordanien,DF,Khaled Qutishat,1990,Al-Faisaly,38
Jordanien,DF,Mohammad Hdeib,1998,Górnik Zabrze,22
Jordanien,DF,Ehsan Haddad,1990,Al-Faisaly,46
Jordanien,DF,Abdullah Nasib,1997,Hapoel Haifa,18
Jordanien,DF,Basel Dawdouh,1994,Al-Sareeh,28
Jordanien,MF,Yazan Al-Naimat,1998,Al-Wehdat,32
Jordanien,MF,Musa Al-Tamari,1997,Montpellier HSC,42
Jordanien,MF,Nizar Al-Momani,1994,Al-Faisaly,52
Jordanien,MF,Ahmad Hayel,1993,Al-Wehdat,38
Jordanien,MF,Abdallah Nasib,2000,Al-Faisaly,14
Jordanien,MF,Obada Al-Rashdan,1995,Al-Faisaly,36
Jordanien,MF,Emad Al-Lahham,1993,Al-Wahda,28
Jordanien,FW,Yazan Al-Arab,1997,Shabab Al-Ahli,48
Jordanien,FW,Khalil Bani Attia,1994,Al-Shorta,38
Jordanien,FW,Mohammad Al-Nabulsi,1999,Djurgårdens IF,22
Jordanien,FW,Ahmad Zyoud,1993,Al-Ramtha,32
Jordanien,FW,Feras Ibrahim,1994,Anorthosis Famagusta,26
Jordanien,FW,Musa Natiq,2001,Al-Faisaly,8
Jordanien,DF,Zaid Qunbar,2002,Al-Jazeera,6
Jordanien,MF,Hamza Al-Dardour,1990,Al-Wehdat,66
Jordanien,FW,Salam Radi,1994,Al-Faisaly,38
Kanada,GK,Dayne St. Clair,1997,Inter Miami CF,20
Kanada,DF,Alistair Johnston,1998,Celtic FC,60
Kanada,DF,Alfie Jones,1997,Middlesbrough FC,2
Kanada,DF,Luc De Fougerolles,2005,FCV Dender EH,15
Kanada,DF,Joel Waterman,1996,Chicago Fire FC,17
Kanada,MF,Mathieu Choinière,1999,Los Angeles FC,24
Kanada,MF,Stephen Eustáquio,1996,Los Angeles FC,58
Kanada,MF,Ismaël Koné,2002,US Sassuolo,42
Kanada,FW,Cyle Larin,1995,Southampton FC,92
Kanada,FW,Jonathan David,2000,Juventus FC,79
Kanada,MF,Liam Millar,1999,Hull City FC,42
Kanada,FW,Tani Oluwaseyi,2000,Villarreal CF,26
Kanada,DF,Derek Cornelius,1997,Rangers FC,46
Kanada,MF,Jacob Shaffelburg,1999,Los Angeles FC,33
Kanada,DF,Moïse Bombito,2000,OGC Nice,21
Kanada,GK,Maxime Crépeau,1994,Orlando City SC,34
Kanada,MF,Tajon Buchanan,1999,Villarreal CF,62
Kanada,GK,Owen Goodman,2003,Barnsley,0
Kanada,DF,Alphonso Davies,2000,FC Bayern München,58
Kanada,MF,Ali Ahmed,2000,Norwich City FC,26
Kanada,MF,Jonathan Osorio,1992,Toronto FC,92
Kanada,DF,Richie Laryea,1995,Toronto FC,78
Kanada,DF,Niko Sigur,2003,HNK Hajduk Split,20
Kanada,FW,Promise David,2001,Royale Union Saint-Gilloise,11
Kanada,MF,Nathan Saliba,2004,RSC Anderlecht,16
Kap Verde,GK,Vozinha,1986,GD Chaves,91
Kap Verde,DF,Stopira,1988,SCU Torreense,61
Kap Verde,DF,Diney Borges,1995,Al Bataeh Club,33
Kap Verde,DF,Pico Lopes,1992,Shamrock Rovers FC,46
Kap Verde,DF,Logan Costa,2001,Villarreal CF,28
Kap Verde,MF,Kevin Pina,1997,FC Krasnodar,32
Kap Verde,MF,Jovane Cabral,1998,CF Estrela da Amadora,30
Kap Verde,MF,João Paulo,1998,FC FCSB,42
Kap Verde,FW,Gilson Benchimol,2001,FC Akron Tolyatti,21
Kap Verde,MF,Jamiro Monteiro,1993,PEC Zwolle,56
Kap Verde,MF,Garry Rodrigues,1990,Apollon Limassol,61
Kap Verde,GK,Márcio Rosa,1997,PFC Montana,11
Kap Verde,DF,Sidny Lopes Cabral,2002,SL Benfica,12
Kap Verde,MF,Deroy Duarte,1999,PFC Ludogorets Razgrad,34
Kap Verde,MF,Laros Duarte,1997,Puskás Akadémia FC,21
Kap Verde,MF,Yannick Semedo,1995,SC Farense,11
Kap Verde,MF,Willy Semedo,1994,AC Omonia,39
Kap Verde,MF,Telmo Arcanjo,2001,Vitória SC,17
Kap Verde,FW,Dailon Livramento,2001,Casa Pia AC,23
Kap Verde,FW,Ryan Mendes,1990,Iğdır FK,99
Kap Verde,MF,Nuno Da Costa,1991,Başakşehir FK,10
Kap Verde,DF,Steven Moreira,1994,Columbus Crew,21
Kap Verde,GK,CJ Dos Santos,2000,San Diego FC,1
Kap Verde,DF,Wagner Pina,2002,Trabzonspor,14
Kap Verde,DF,Kelvin Pires,2000,SJK,6
Kap Verde,MF,Hélio Varela,2002,Maccabi Tel-Aviv FC,21
Katar,GK,Mahmud Abunada,2000,Al-Rayyan,4
Katar,DF,Pedro Miguel,1990,Al-Sadd,98
Katar,DF,Lucas Mendes,1990,Al-Wakrah,25
Katar,DF,Issa Laye,1997,Al-Arabi,3
Katar,MF,Jassem Gaber,2002,Al-Rayyan,31
Katar,MF,Abdulaziz Hatem,1990,Al-Rayyan,117
Katar,FW,Ahmed Alaaeldin,1993,Al-Rayyan,67
Katar,FW,Edmilson Junior,1994,Al-Duhail,15
Katar,FW,Mohammed Muntari,1993,Al-Gharafa,67
Katar,FW,Hassan Al-Haydos,1990,Al-Sadd,185
Katar,FW,Akram Afif,1996,Al-Sadd,124
Katar,MF,Karim Boudiaf,1990,Al-Duhail,117
Katar,DF,Ayoub Al-Oui,2005,Al-Gharafa,5
Katar,DF,Homam Ahmed,1999,Cultural Leonesa,67
Katar,FW,Yusuf Abdurisag,1999,Al-Wakrah,38
Katar,DF,Boualem Khoukhi,1990,Al-Sadd,115
Katar,FW,Ahmed Al-Ganehi,2000,Al-Gharafa,13
Katar,DF,Sultan Al-Brake,1996,Al-Duhail,16
Katar,FW,Almoez Ali,1996,Al-Duhail,115
Katar,MF,Ahmed Fathy,1993,Al-Arabi,47
Katar,GK,Salah Zakaria,1999,Al-Duhail,8
Katar,GK,Meshaal Barsham,1998,Al-Sadd,52
Katar,MF,Assim Madibo,1996,Al-Wakrah,50
Katar,FW,Tahsin Jamshid,2006,Al-Duhail,2
Katar,DF,Al-Hashmi Al-Hussain,2003,Al-Arabi,7
Katar,MF,Mohamed Al-Mannai,2003,Al-Shamal,9
Kolumbien,GK,David Ospina,1988,Atlético Nacional,130
Kolumbien,DF,Daniel Muñoz,1996,Crystal Palace FC,47
Kolumbien,DF,Jhon Lucumí,1998,Bologna FC,38
Kolumbien,DF,Santiago Arias,1992,CA Independiente,68
Kolumbien,MF,Kevin Castaño,2000,CA River Plate,26
Kolumbien,MF,Richard Ríos,2000,SL Benfica,33
Kolumbien,FW,Luis Díaz,1997,FC Bayern München,75
Kolumbien,MF,Jorge Carrascal,1998,CR Flamengo,25
Kolumbien,FW,Jhon Córdoba,1993,FC Krasnodar,21
Kolumbien,MF,James Rodríguez,1991,Minnesota United FC,127
Kolumbien,MF,Jhon Arias,1997,SE Palmeiras,39
Kolumbien,GK,Camilo Vargas,1989,Atlas FC,43
Kolumbien,DF,Yerry Mina,1994,Cagliari,54
Kolumbien,DF,Gustavo Puerta,2003,Racing Santander,7
Kolumbien,MF,Juan Portilla,1998,Athletico Paranaense,10
Kolumbien,MF,Jefferson Lerma,1994,Crystal Palace FC,66
Kolumbien,DF,Johan Mojica,1992,RCD Mallorca,46
Kolumbien,DF,Willer Ditta,1998,CF Cruz Azul,5
Kolumbien,FW,Cucho Hernández,1999,Real Betis,10
Kolumbien,MF,Juan Quintero,1993,CA River Plate,49
Kolumbien,FW,Jaminton Campaz,2000,CA Rosario Central,11
Kolumbien,DF,Deiver Machado,1993,FC Nantes,15
Kolumbien,DF,Davinson Sánchez,1996,Galatasaray SK,80
Kolumbien,GK,Álvaro Montero,1995,CA Vélez Sarsfield,12
Kolumbien,FW,Luis Suárez,1997,Sporting CP,13
Kolumbien,FW,Andrés Gómez,2002,CR Vasco da Gama,9
Kongo DR,GK,Lionel Mpasi,1994,Le Havre AC,29
Kongo DR,DF,Aaron Wan-Bissaka,1997,West Ham United FC,13
Kongo DR,DF,Steve Kapuadi,1998,Widzew Łódź,4
Kongo DR,DF,Axel Tuanzebe,1997,Burnley FC,14
Kongo DR,DF,Dylan Batubinsika,1996,AEL FC,15
Kongo DR,MF,Ngal'ayel Mukau,2004,Lille OSC,15
Kongo DR,MF,Nathanaël Mbuku,2002,Montpellier HSC,19
Kongo DR,MF,Samuel Moutoussamy,1996,Atromitos FC,59
Kongo DR,FW,Brian Cipenga,1998,CD Castellón,8
Kongo DR,MF,Théo Bongonda,1995,FC Spartak Moscow,38
Kongo DR,FW,Gaël Kakuta,1991,AEL FC,31
Kongo DR,DF,Joris Kayembe,1994,KRC Genk,27
Kongo DR,FW,Meschack Elia,1997,Alanyaspor,68
Kongo DR,MF,Noah Sadiki,2004,Sunderland AFC,21
Kongo DR,MF,Aaron Tshibola,1995,Kilmarnock FC,17
Kongo DR,GK,Timothy Fayulu,1999,FC Noah,3
Kongo DR,FW,Cedric Bakambu,1991,Real Betis,71
Kongo DR,MF,Charles Pickel,1997,RCD Espanyol,35
Kongo DR,FW,Fiston Mayele,1994,Pyramids FC,36
Kongo DR,FW,Yoane Wissa,1996,Newcastle United FC,39
Kongo DR,GK,Matthieu Epolo,2005,Standard Liège,1
Kongo DR,DF,Chancel Mbemba,1994,Lille OSC,110
Kongo DR,FW,Simon Banza,1996,Al Jazira,16
Kongo DR,DF,Gédéon Kalulu,1997,Aris Limassol FC,29
Kongo DR,MF,Edo Kayembe,1998,Watford FC,43
Kongo DR,DF,Arthur Masuaku,1993,RC Lens,45
Kroatien,GK,Dominik Livaković,1995,GNK Dinamo Zagreb,76
Kroatien,DF,Josip Stanišić,2000,FC Bayern München,32
Kroatien,DF,Marin Pongračić,1997,ACF Fiorentina,20
Kroatien,DF,Joško Gvardiol,2002,Manchester City FC,49
Kroatien,DF,Duje Ćaleta-Car,1996,Real Sociedad,38
Kroatien,DF,Josip Šutalo,2000,AFC Ajax,34
Kroatien,MF,Nikola Moro,1998,Bologna FC,10
Kroatien,MF,Mateo Kovačić,1994,Manchester City FC,114
Kroatien,FW,Andrej Kramarić,1991,TSG Hoffenheim,117
Kroatien,MF,Luka Modrić,1985,AC Milan,199
Kroatien,FW,Ante Budimir,1991,CA Osasuna,38
Kroatien,GK,Ivor Pandur,2000,Hull City FC,0
Kroatien,MF,Nikola Vlašić,1997,Torino FC,64
Kroatien,FW,Ivan Perišić,1989,PSV Eindhoven,155
Kroatien,MF,Mario Pašalić,1995,Atalanta Bergamo,86
Kroatien,MF,Martin Baturina,2003,Como,20
Kroatien,MF,Petar Sučić,2003,FC Internazionale Milano,18
Kroatien,DF,Kristijan Jakić,1997,FC Augsburg,17
Kroatien,MF,Toni Fruk,2001,HNK Rijeka,7
Kroatien,FW,Igor Matanović,2003,SC Freiburg,10
Kroatien,MF,Luka Sučić,2002,Real Sociedad,21
Kroatien,DF,Luka Vušković,2007,Hamburger SV,6
Kroatien,GK,Dominik Kotarski,2000,FC København,4
Kroatien,FW,Marco Pašalić,2000,Orlando City SC,16
Kroatien,DF,Martin Erlić,1998,FC Midtjylland,13
Kroatien,FW,Petar Musa,1998,FC Dallas,12
Marokko,GK,Yassine Bounou,1991,Al-Hilal,89
Marokko,GK,Munir Mohamedi,1989,RS Berkane,51
Marokko,GK,Ahmed Reda Tagnaouti,1996,AS FAR,3
Marokko,DF,Achraf Hakimi,1998,Paris Saint-Germain,95
Marokko,DF,Nayef Aguerd,1996,Olympique Marseille,64
Marokko,DF,Noussair Mazraoui,1997,Manchester United FC,43
Marokko,DF,Youssef Belammari,1998,Al Ahly,16
Marokko,DF,Anass Salah-Eddine,2002,PSV Eindhoven,8
Marokko,DF,Chadi Riad,2003,Crystal Palace FC,4
Marokko,DF,Issa Diop,1997,Fulham FC,2
Marokko,DF,Zakaria El Ouahdi,2001,KRC Genk,2
Marokko,DF,Redouane Halhal,2003,Mechelen,1
Marokko,MF,Sofyan Amrabat,1996,Real Betis,73
Marokko,MF,Azzedine Ounahi,2000,Girona FC,47
Marokko,MF,Bilal El Khannouss,2004,VfB Stuttgart,35
Marokko,MF,Ismael Saibari,2001,PSV Eindhoven,28
Marokko,MF,Neil El Aynaoui,2001,AS Roma,15
Marokko,MF,Samir El Mourabet,2006,RC Strasbourg,2
Marokko,MF,Ayyoub Bouaddi,2007,Lille OSC,1
Marokko,FW,Ayoub El Kaabi,1993,Olympiacos FC,57
Marokko,FW,Soufiane Rahimi,1996,Al-Ain,35
Marokko,FW,Abde Ezzalzouli,2001,Real Betis,35
Marokko,FW,Brahim Díaz,1999,Real Madrid C.F.,24
Marokko,FW,Chemsdine Talbi,2005,Sunderland AFC,5
Marokko,FW,Gessime Yassine,2005,RC Strasbourg,3
Marokko,FW,Ayoube Amaimouni,2004,Eintracht Frankfurt,0
Mexiko,GK,Guillermo Ochoa,1985,AEL Limassol,152
Mexiko,GK,Raúl Rangel,2000,Guadalajara,13
Mexiko,GK,Carlos Acevedo,1996,Santos Laguna,7
Mexiko,DF,Jesús Gallardo,1994,Toluca,120
Mexiko,DF,César Montes,1997,Lokomotiv Moscow,66
Mexiko,DF,Jorge Sánchez,1997,PAOK,58
Mexiko,DF,Johan Vásquez,1998,Genoa,45
Mexiko,DF,Israel Reyes,2000,América,33
Mexiko,DF,Mateo Chávez,2004,AZ,9
Mexiko,MF,Edson Álvarez,1997,Fenerbahçe,97
Mexiko,MF,Orbelín Pineda,1996,AEK Athens,91
Mexiko,MF,Roberto Alvarado,1998,Guadalajara,66
Mexiko,MF,Luis Romo,1995,Guadalajara,62
Mexiko,MF,Luis Chávez,1996,Dynamo Moscow,44
Mexiko,MF,Érik Lira,2000,Cruz Azul,24
Mexiko,MF,Gilberto Mora,2008,Tijuana,7
Mexiko,MF,Brian Gutiérrez,2003,Guadalajara,6
Mexiko,MF,Obed Vargas,2005,Atlético de Madrid,6
Mexiko,MF,Álvaro Fidalgo,1997,Real Betis,3
Mexiko,FW,Raúl Jiménez,1991,Fulham,123
Mexiko,FW,Alexis Vega,1997,Toluca,51
Mexiko,FW,Santiago Giménez,2001,AC Milan,47
Mexiko,FW,César Huerta,2000,Anderlecht,26
Mexiko,FW,Julián Quiñones,1997,Al Qadsiah,21
Mexiko,FW,Guillermo Martínez,1995,UNAM,11
Mexiko,FW,Armando González,2003,Guadalajara,7
Neuseeland,GK,Oliver Sail,1999,FC Nordsjælland,22
Neuseeland,GK,Stefan Marinovic,1991,Vancouver Whitecaps FC,38
Neuseeland,GK,Michael Woud,1998,Ferencvárosi TC,14
Neuseeland,DF,Nando Pijnaker,1999,Deportivo Alavés,28
Neuseeland,DF,Liberato Cacace,2000,Empoli FC,36
Neuseeland,DF,Tim Payne,1995,Los Angeles FC,22
Neuseeland,DF,Michael Boxall,1988,Minnesota United FC,52
Neuseeland,DF,Alex Greive,2000,Go Ahead Eagles,14
Neuseeland,DF,Callum McCowatt,1998,Go Ahead Eagles,16
Neuseeland,DF,Dane Ingham,1995,AIK,22
Neuseeland,DF,Cameron Howieson,1996,Livingston FC,12
Neuseeland,MF,Joe Bell,1999,Middlesbrough FC,32
Neuseeland,MF,Clayton Lewis,1997,Stade Rennais FC,28
Neuseeland,MF,Marco Rojas,1992,FC Zurich,48
Neuseeland,MF,Ben Old,2001,Sporting CP,12
Neuseeland,MF,Marko Stamenic,2001,FC Copenhagen,18
Neuseeland,MF,Riley Bidois,2002,Roda JC Kerkrade,8
Neuseeland,MF,Elijah Just,2002,Auckland FC,6
Neuseeland,FW,Chris Wood,1991,Nottingham Forest FC,122
Neuseeland,FW,Sarpreet Singh,1999,Jahn Regensburg,38
Neuseeland,FW,Myer Bevan,1998,FC Emmen,22
Neuseeland,FW,Matthew Garbett,1999,FC Emmen,14
Neuseeland,FW,Hamish Watson,2002,Ferencvárosi TC,8
Neuseeland,FW,Callan Elliot,2003,Stade Rennais FC,12
Neuseeland,GK,Jacob Spoonley,2001,Meippen,4
Neuseeland,DF,Jonah Hintz,2001,Bodo/Glimt,6
Niederlande,GK,Bart Verbruggen,2002,Brighton & Hove Albion FC,27
Niederlande,GK,Mark Flekken,1993,Bayer 04 Leverkusen,11
Niederlande,GK,Robin Roefs,2003,Sunderland AFC,0
Niederlande,DF,Virgil van Dijk,1991,Liverpool FC,90
Niederlande,DF,Denzel Dumfries,1996,FC Internazionale Milano,71
Niederlande,DF,Nathan Aké,1995,Manchester City FC,58
Niederlande,DF,Jurriën Timber,2001,Arsenal FC,23
Niederlande,DF,Micky van de Ven,2001,Tottenham Hotspur FC,19
Niederlande,DF,Mats Wieffer,1999,Brighton & Hove Albion FC,14
Niederlande,DF,Jan Paul van Hecke,2000,Brighton & Hove Albion FC,10
Niederlande,DF,Jorrel Hato,2006,Chelsea FC,7
Niederlande,MF,Frenkie de Jong,1997,FC Barcelona,64
Niederlande,MF,Marten de Roon,1991,Atalanta Bergamo,42
Niederlande,MF,Tijjani Reijnders,1998,Manchester City FC,30
Niederlande,MF,Teun Koopmeiners,1998,Juventus FC,27
Niederlande,MF,Ryan Gravenberch,2002,Liverpool FC,25
Niederlande,MF,Justin Kluivert,1999,AFC Bournemouth,11
Niederlande,MF,Quinten Timber,2001,Olympique Marseille,10
Niederlande,MF,Guus Til,1997,PSV Eindhoven,6
Niederlande,FW,Memphis Depay,1994,SC Corinthians Paulista,108
Niederlande,FW,Wout Weghorst,1992,AFC Ajax,51
Niederlande,FW,Donyell Malen,1999,AS Roma,51
Niederlande,FW,Cody Gakpo,1999,Liverpool FC,48
Niederlande,FW,Noa Lang,1999,Galatasaray SK,15
Niederlande,FW,Brian Brobbey,2002,Sunderland AFC,10
Niederlande,FW,Crysencio Summerville,2001,West Ham United FC,0
Norwegen,GK,Ørjan Nyland,1990,Ipswich Town,72
Norwegen,GK,Kristoffer Klaesson,2000,RB Leipzig,8
Norwegen,GK,Sten Michael Grytebust,1990,Start,4
Norwegen,DF,Leo Østigård,1999,SSC Napoli,38
Norwegen,DF,Stefan Strandberg,1994,Ferencvárosi TC,48
Norwegen,DF,Andreas Hanche-Olsen,1997,Mainz 05,22
Norwegen,DF,Birger Meling,1994,Stade Rennais FC,46
Norwegen,DF,Kristoffer Ajer,1998,Brentford FC,52
Norwegen,DF,Fredrik Bjørkan,1999,IFK Göteborg,20
Norwegen,DF,Stian Gregersen,1997,Girona FC,14
Norwegen,DF,Marcus Pedersen,1999,Feyenoord Rotterdam,22
Norwegen,MF,Martin Ødegaard,1998,Arsenal FC,88
Norwegen,MF,Sander Berge,1998,Fulham FC,60
Norwegen,MF,Mathias Normann,1996,Rapid Wien,42
Norwegen,MF,Fredrik Aursnes,1995,SL Benfica,48
Norwegen,MF,Kristian Thorstvedt,2000,Sassuolo,22
Norwegen,MF,Mats Møller Dæhli,1995,FC St. Pauli,38
Norwegen,MF,Patrick Berg,1997,Bodo/Glimt,12
Norwegen,FW,Erling Haaland,2000,Manchester City FC,42
Norwegen,FW,Alexander Sørloth,1995,Atlético de Madrid,58
Norwegen,FW,Joshua King,1992,Besiktas JK,102
Norwegen,FW,Kasper Dolberg,1997,Anderlecht,38
Norwegen,FW,Mohamed Elyounoussi,1994,Celtic FC,68
Norwegen,FW,Ola Solbakken,1998,AS Roma,28
Norwegen,FW,Jørgen Strand Larsen,1999,RC Celta de Vigo,22
Norwegen,FW,Antonio Nusa,2005,RB Leipzig,14
Panama,GK,Luis Mejía,1991,Frosinone,36
Panama,GK,Orlando Mosquera,1993,Deportivo Independiente,18
Panama,GK,Alex Rodríguez,2000,CD Victoria,6
Panama,DF,Fidel Escobar,1996,New York Red Bulls,56
Panama,DF,Harold Cummings,1992,Santos Laguna,46
Panama,DF,Eric Davis,1993,Almería,58
Panama,DF,Azmahar Ariano,1998,Sporting Kansas City,22
Panama,DF,César Yanis,1993,CF Pachuca,38
Panama,DF,Édgar Bárcenas,1994,Vitesse,28
Panama,DF,Nicolás Caisedo,2002,CD Saprissa,8
Panama,DF,Andrés Andrade,1994,Deportivo Saprissa,32
Panama,MF,Adalberto Carrasquilla,1997,KV Kortrijk,48
Panama,MF,Abdiel Ayarza,1999,CD Guadalajara,28
Panama,MF,Cristian Martínez,1996,Real Oviedo,38
Panama,MF,Aníbal Godoy,1990,Nashville SC,88
Panama,MF,Carlos Harvey,2001,Columbus Crew,12
Panama,MF,Alberto Quintero,1989,CD Olimpia,62
Panama,MF,Ronaldo Walker,2002,Nashville SC,8
Panama,FW,Ismael Díaz,2000,Villarreal CF,28
Panama,FW,José Fajardo,1994,Millwall,48
Panama,FW,Gabriel Torres,1988,Arabe Unido,62
Panama,FW,Freddy Góndola,1991,CF Pachuca,28
Panama,FW,Jesús Médico,1999,CD Plaza Amador,12
Panama,FW,Cecilio Waterman,1993,CF Montréal,58
Panama,GK,Luis Penedo,1988,Independiente,36
Panama,DF,Andrés Andrade,1994,Deportivo Saprissa,32
Paraguay,GK,Gatito Fernández,1988,Cerro Porteño,30
Paraguay,GK,Orlando Gill,2000,San Lorenzo,5
Paraguay,GK,Gastón Olveira,1993,Olimpia,1
Paraguay,DF,Gustavo Gómez,1993,SE Palmeiras,88
Paraguay,DF,Júnior Alonso,1993,Atlético Mineiro,70
Paraguay,DF,Fabián Balbuena,1991,Grêmio FBPA,47
Paraguay,DF,Omar Alderete,1996,Sunderland AFC,35
Paraguay,DF,Juan José Cáceres,2000,Dynamo Moscow,16
Paraguay,DF,Gustavo Velázquez,1991,Cerro Porteño,12
Paraguay,DF,José Canale,1996,Lanús,1
Paraguay,DF,Alexandro Maidana,2005,Talleres,1
Paraguay,MF,Miguel Almirón,1994,Atlanta United FC,75
Paraguay,MF,Kaku,1995,Al-Ain,32
Paraguay,MF,Andrés Cubas,1996,Vancouver Whitecaps FC,32
Paraguay,MF,Ramón Sosa,1999,SE Palmeiras,28
Paraguay,MF,Diego Gómez,2003,Brighton & Hove Albion FC,23
Paraguay,MF,Damián Bobadilla,2001,São Paulo FC,19
Paraguay,MF,Braian Ojeda,2000,Orlando City SC,16
Paraguay,MF,Matías Galarza,2002,Atlanta United FC,14
Paraguay,MF,Maurício,2001,SE Palmeiras,2
Paraguay,FW,Antonio Sanabria,1996,Cremonese,47
Paraguay,FW,Julio Enciso,2004,RC Strasbourg,31
Paraguay,FW,Gabriel Ávalos,1991,Club Atlético Independiente,22
Paraguay,FW,Álex Arce,1995,Independiente Rivadavia,14
Paraguay,FW,Isidro Pitta,1999,Red Bull Bragantino,5
Paraguay,FW,Gustavo Caballero,2001,Portsmouth FC,2
Portugal,GK,Diogo Costa,1999,FC Porto,22
Portugal,GK,José Sá,1993,Wolverhampton Wanderers FC,12
Portugal,GK,Rui Patrício,1988,AS Roma,108
Portugal,DF,Rúben Dias,1997,Manchester City FC,66
Portugal,DF,Nuno Mendes,2002,Paris Saint-Germain,38
Portugal,DF,Diogo Dalot,1999,Manchester United FC,46
Portugal,DF,João Cancelo,1994,Al-Hilal,56
Portugal,DF,Gonçalo Inácio,2001,Sporting CP,24
Portugal,DF,António Silva,2003,SL Benfica,22
Portugal,DF,Renato Veiga,2003,Chelsea FC,10
Portugal,DF,Danilo Pereira,1991,Paris Saint-Germain,66
Portugal,MF,Bruno Fernandes,1994,Manchester United FC,86
Portugal,MF,Vitinha,2000,Paris Saint-Germain,38
Portugal,MF,João Palhinha,1995,FC Bayern München,48
Portugal,MF,Bernardo Silva,1994,Manchester City FC,108
Portugal,MF,Rúben Neves,1997,Al-Hilal,78
Portugal,MF,Matheus Nunes,2000,Manchester City FC,28
Portugal,MF,William Carvalho,1992,Real Betis,96
Portugal,MF,João Neves,2004,Paris Saint-Germain,18
Portugal,FW,Cristiano Ronaldo,1985,Al-Nassr,215
Portugal,FW,Rafael Leão,1999,AC Milan,48
Portugal,FW,Pedro Neto,2000,Chelsea FC,38
Portugal,FW,Diogo Jota,1996,Liverpool FC,55
Portugal,FW,João Félix,1999,FC Barcelona,52
Portugal,FW,Gonçalo Ramos,2001,Paris Saint-Germain,32
Portugal,FW,Francisco Trincão,1999,Sporting CP,22
Saudi-Arabien,GK,Mohammed Al-Owais,1991,Al-Hilal,68
Saudi-Arabien,GK,Mohammed Al-Rubaie,1999,Al-Fayha,14
Saudi-Arabien,GK,Nawaf Al-Aqidi,1997,Al-Nassr,8
Saudi-Arabien,DF,Ali Al-Bulaihi,1989,Al-Hilal,82
Saudi-Arabien,DF,Hassan Tambakti,1999,Al-Hilal,28
Saudi-Arabien,DF,Saud Abdulhamid,1999,AS Roma,38
Saudi-Arabien,DF,Mohammed Al-Burayk,1994,Al-Hilal,66
Saudi-Arabien,DF,Sultan Al-Ghannam,1997,Al-Nassr,32
Saudi-Arabien,DF,Abdulelah Al-Amri,1997,Al-Fateh,22
Saudi-Arabien,DF,Tariq Salman,1996,Al-Qadsiah,18
Saudi-Arabien,DF,Abdullah Madu,2000,Al-Shabab,12
Saudi-Arabien,MF,Riyadh Sharahili,1993,Al-Hilal,68
Saudi-Arabien,MF,Sami Al-Najei,1996,Al-Nassr,42
Saudi-Arabien,MF,Haitham Asiri,1996,Al-Ettifaq,38
Saudi-Arabien,MF,Abdulellah Al-Malki,1997,Al-Hilal,52
Saudi-Arabien,MF,Salman Al-Faraj,1989,Al-Hilal,102
Saudi-Arabien,MF,Mohamed Kanno,1998,Al-Hilal,48
Saudi-Arabien,MF,Nasser Al-Dawsari,1991,Al-Hilal,78
Saudi-Arabien,FW,Salem Al-Dawsari,1991,Al-Hilal,88
Saudi-Arabien,FW,Firas Al-Buraikan,1999,Al-Fateh,42
Saudi-Arabien,FW,Saleh Al-Shehri,1993,Al-Hilal,56
Saudi-Arabien,FW,Ali Al-Hassan,2002,Al-Hilal,22
Saudi-Arabien,FW,Fahad Al-Muwallad,1994,Al-Ittihad,72
Saudi-Arabien,FW,Hattan Bahebri,1996,Al-Shabab,38
Saudi-Arabien,FW,Seba Al-Ruwaili,2001,Al-Nassr,14
Saudi-Arabien,MF,Abdullah Al-Hamdan,2000,Al-Shabab,28
Schottland,GK,Craig Gordon,1982,Heart of Midlothian,84
Schottland,GK,Angus Gunn,1996,Nottingham Forest FC,21
Schottland,GK,Liam Kelly,1996,Rangers FC,3
Schottland,DF,Andy Robertson,1994,Liverpool FC,93
Schottland,DF,Grant Hanley,1991,Hibernian,67
Schottland,DF,Kieran Tierney,1997,Celtic FC,55
Schottland,DF,Scott McKenna,1996,GNK Dinamo Zagreb,50
Schottland,DF,Jack Hendry,1995,Al-Ettifaq,37
Schottland,DF,Nathan Patterson,2001,Everton FC,26
Schottland,DF,Anthony Ralston,1998,Celtic FC,26
Schottland,DF,John Souttar,1996,Rangers FC,23
Schottland,DF,Aaron Hickey,2002,Brentford FC,20
Schottland,DF,Dominic Hyam,1995,Wrexham,3
Schottland,MF,John McGinn,1994,Aston Villa FC,85
Schottland,MF,Scott McTominay,1996,SSC Napoli,69
Schottland,MF,Ryan Christie,1995,AFC Bournemouth,67
Schottland,MF,Kenny McLean,1992,Norwich City FC,57
Schottland,MF,Lewis Ferguson,1999,Bologna FC,23
Schottland,MF,Ben Doak,2005,AFC Bournemouth,13
Schottland,MF,Findlay Curtis,2006,Kilmarnock FC,2
Schottland,MF,Tyler Fletcher,2007,Manchester United FC,1
Schottland,FW,Lyndon Dykes,1995,Charlton Athletic,51
Schottland,FW,Ché Adams,1996,Torino FC,46
Schottland,FW,Lawrence Shankland,1995,Heart of Midlothian,19
Schottland,FW,George Hirst,1999,Ipswich Town,9
Schottland,FW,Ross Stewart,1996,Southampton FC,2
Schweden,GK,Jacob Widell Zetterström,1998,Derby County,3
Schweden,DF,Gustaf Lagerbielke,2000,SC Braga,10
Schweden,DF,Victor Lindelöf,1994,Aston Villa FC,76
Schweden,DF,Isak Hien,1999,Atalanta Bergamo,28
Schweden,DF,Gabriel Gudmundsson,1999,Leeds United,23
Schweden,DF,Herman Johansson,1997,FC Dallas,3
Schweden,MF,Lucas Bergvall,2006,Tottenham Hotspur FC,9
Schweden,DF,Daniel Svensson,2002,Borussia Dortmund,12
Schweden,FW,Alexander Isak,1999,Liverpool FC,57
Schweden,FW,Benjamin Nygren,2001,Celtic FC,10
Schweden,FW,Anthony Elanga,2002,Newcastle United FC,29
Schweden,GK,Viktor Johansson,1998,Stoke City,12
Schweden,FW,Ken Sema,1993,Pafos FC,33
Schweden,DF,Hjalmar Ekdal,1998,Burnley,12
Schweden,DF,Carl Starfelt,1995,RC Celta de Vigo,17
Schweden,MF,Jesper Karlström,1995,Udinese Calcio,24
Schweden,FW,Viktor Gyökeres,1998,Arsenal FC,32
Schweden,MF,Yasin Ayari,2003,Brighton & Hove Albion FC,20
Schweden,MF,Mattias Svanberg,1999,VfL Wolfsburg,40
Schweden,DF,Eric Smith,1997,FC St. Pauli,1
Schweden,FW,Alexander Bernhardsson,1998,Holstein Kiel,10
Schweden,MF,Besfort Zeneli,2002,Royale Union Saint-Gilloise,7
Schweden,GK,Kristoffer Nordfeldt,1989,AIK,20
Schweden,DF,Elliot Stroud,2002,Mjällby AIF,0
Schweden,FW,Gustaf Nilsson,1997,Club Brugge,9
Schweden,FW,Taha Ali,1998,Malmö FF,1
Schweiz,GK,Gregor Kobel,1997,Borussia Dortmund,20
Schweiz,DF,Miro Muheim,1998,Hamburger SV,9
Schweiz,DF,Silvan Widmer,1993,1. FSV Mainz 05,59
Schweiz,DF,Nico Elvedi,1996,Borussia Mönchengladbach,66
Schweiz,DF,Manuel Akanji,1995,FC Internazionale Milano,80
Schweiz,MF,Denis Zakaria,1996,AS Monaco,64
Schweiz,FW,Breel Embolo,1997,Stade Rennais FC,86
Schweiz,MF,Remo Freuler,1992,Bologna FC,87
Schweiz,MF,Johan Manzambi,2005,SC Freiburg,11
Schweiz,MF,Granit Xhaka,1992,Sunderland,145
Schweiz,FW,Dan Ndoye,2000,Nottingham Forest,30
Schweiz,GK,Yvon Mvogo,1994,Lorient,13
Schweiz,DF,Ricardo Rodriguez,1992,Real Betis,137
Schweiz,MF,Ardon Jashari,2002,AC Milan,7
Schweiz,MF,Djibril Sow,1997,Sevilla FC,51
Schweiz,MF,Christian Fassnacht,1993,BSC Young Boys,22
Schweiz,FW,Rubén Vargas,1998,Sevilla FC,61
Schweiz,DF,Eray Cömert,1998,Valencia CF,21
Schweiz,FW,Noah Okafor,2000,Leeds United,24
Schweiz,MF,Michel Aebischer,1997,AC Pisa,39
Schweiz,GK,Marvin Keller,2002,BSC Young Boys,1
Schweiz,MF,Fabian Rieder,2002,FC Augsburg,27
Schweiz,FW,Zeki Amdouni,2000,Burnley,28
Schweiz,DF,Aurèle Amenda,2003,Eintracht Frankfurt,6
Schweiz,DF,Luca Jaquez,2003,VfB Stuttgart,3
Schweiz,FW,Cedric Itten,1996,Fortuna Düsseldorf,14
Senegal,GK,Édouard Mendy,1992,Al-Ahli,68
Senegal,GK,Alfred Gomis,1993,Rennes,32
Senegal,GK,Seny Dieng,1994,Middlesbrough FC,22
Senegal,DF,Kalidou Koulibaly,1991,Al-Hilal,102
Senegal,DF,Abdou Diallo,1996,RB Leipzig,52
Senegal,DF,Youssouf Sabaly,1993,Real Betis,46
Senegal,DF,Formose Mendy,1998,Nantes,28
Senegal,DF,Ismail Jakobs,1999,AS Monaco,18
Senegal,DF,Pape Abou Cissé,1995,Olympiacos FC,28
Senegal,DF,Moussa Niakhate,1996,Nottingham Forest FC,18
Senegal,DF,Faly Mandiang,2001,TSG Hoffenheim,8
Senegal,MF,Idrissa Gueye,1989,Everton FC,122
Senegal,MF,Nampalys Mendy,1992,Leicester City FC,52
Senegal,MF,Pape Matar Sarr,2002,Tottenham Hotspur FC,28
Senegal,MF,Lamine Camara,2003,AS Monaco,18
Senegal,MF,Krepin Diatta,1999,AS Monaco,38
Senegal,MF,Mamadou Loum,1996,Rayo Vallecano,28
Senegal,MF,Pathé Ciss,1994,Rayo Vallecano,22
Senegal,FW,Sadio Mané,1992,Al-Nassr,114
Senegal,FW,Ismaïla Sarr,1998,Crystal Palace FC,62
Senegal,FW,Nicolas Jackson,2001,Chelsea FC,28
Senegal,FW,Boulaye Dia,1996,SS Lazio,38
Senegal,FW,Habib Diallo,1994,Strasbourg,48
Senegal,FW,Iliman Ndiaye,2000,Everton FC,22
Senegal,FW,Cherif Ndiaye,2000,KV Oostende,12
Senegal,FW,Abdallah Sima,2001,Brighton & Hove Albion FC,18
Spanien,GK,Unai Simón,1997,Athletic Club,42
Spanien,GK,David Raya,1995,Arsenal FC,18
Spanien,GK,Álex Remiro,1995,Real Sociedad,12
Spanien,DF,Dani Carvajal,1992,Real Madrid C.F.,82
Spanien,DF,Alejandro Balde,2003,FC Barcelona,22
Spanien,DF,Pau Cubarsí,2007,FC Barcelona,12
Spanien,DF,Robin Le Normand,2000,Atlético de Madrid,26
Spanien,DF,Nacho Fernández,1990,Al-Qadsiah,45
Spanien,DF,Dani Vivian,1999,Athletic Club,18
Spanien,DF,Íñigo Martínez,1991,FC Barcelona,39
Spanien,DF,Mario Hermoso,1995,AS Roma,22
Spanien,MF,Pedri,2002,FC Barcelona,46
Spanien,MF,Fabián Ruiz,1996,Paris Saint-Germain,38
Spanien,MF,Mikel Merino,1996,Arsenal FC,38
Spanien,MF,Martín Zubimendi,1999,Liverpool FC,22
Spanien,MF,Dani Olmo,1998,FC Barcelona,42
Spanien,MF,Aleix García,1997,Manchester City FC,12
Spanien,MF,Bryan Gil,2001,Girona FC,18
Spanien,MF,Marcos Llorente,1995,Atlético de Madrid,52
Spanien,FW,Álvaro Morata,1992,AC Milan,76
Spanien,FW,Ferran Torres,2000,FC Barcelona,52
Spanien,FW,Nico Williams,2002,Athletic Club,32
Spanien,FW,Lamine Yamal,2007,FC Barcelona,28
Spanien,FW,Mikel Oyarzabal,1997,Real Sociedad,68
Spanien,FW,Joselu,1990,Al-Qadsiah,14
Spanien,FW,Ansu Fati,2002,Brighton & Hove Albion FC,24
Südafrika,GK,Ronwen Williams,1992,Mamelodi Sundowns,62
Südafrika,GK,Ricardo Goss,1994,Siwelele,4
Südafrika,GK,Sipho Chaine,1996,Orlando Pirates,3
Südafrika,DF,Aubrey Modiba,1995,Mamelodi Sundowns,44
Südafrika,DF,Khuliso Mudau,1995,Mamelodi Sundowns,32
Südafrika,DF,Nkosinathi Sibisi,1995,Orlando Pirates,19
Südafrika,DF,Mbekezeli Mbokazi,2005,Chicago Fire FC,10
Südafrika,DF,Ime Okon,2004,Hannover 96,7
Südafrika,DF,Samukele Kabini,2004,Molde,5
Südafrika,DF,Khulumani Ndamane,2004,Mamelodi Sundowns,5
Südafrika,DF,Thabang Matuludi,1999,Polokwane City,2
Südafrika,DF,Kamogelo Sebelebele,2002,Orlando Pirates,2
Südafrika,DF,Bradley Cross,2001,Kaizer Chiefs,0
Südafrika,DF,Olwethu Makhanya,2004,Philadelphia Union,0
Südafrika,MF,Teboho Mokoena,1997,Mamelodi Sundowns,51
Südafrika,MF,Sphephelo Sithole,1999,Tondela,27
Südafrika,MF,Thalente Mbatha,2000,Orlando Pirates,14
Südafrika,MF,Jayden Adams,2001,Mamelodi Sundowns,4
Südafrika,FW,Themba Zwane,1989,Mamelodi Sundowns,53
Südafrika,FW,Lyle Foster,2000,Burnley,26
Südafrika,FW,Evidence Makgopa,2000,Orlando Pirates,26
Südafrika,FW,Oswin Appollis,2001,Orlando Pirates,25
Südafrika,FW,Iqraam Rayners,1995,Mamelodi Sundowns,13
Südafrika,FW,Relebohile Mofokeng,2004,Orlando Pirates,12
Südafrika,FW,Thapelo Maseko,2003,AEL Limassol,9
Südafrika,FW,Tshepang Moremi,2000,Orlando Pirates,9
Südkorea,GK,Kim Seung-gyu,1990,FC Tokyo,86
Südkorea,GK,Jo Hyeon-woo,1991,Ulsan HD,48
Südkorea,GK,Song Bum-keun,1997,Jeonbuk Hyundai Motors,2
Südkorea,DF,Kim Min-jae,1996,Bayern Munich,78
Südkorea,DF,Kim Moon-hwan,1995,Daejeon Hana Citizen,35
Südkorea,DF,Seol Young-woo,1998,Red Star Belgrade,33
Südkorea,DF,Lee Tae-seok,2002,Austria Wien,14
Südkorea,DF,Park Jin-seob,1995,Zhejiang,13
Südkorea,DF,Kim Tae-hyeon,2000,Kashima Antlers,7
Südkorea,DF,Lee Han-beom,2002,Midtjylland,7
Südkorea,DF,Jens Castrop,2003,Borussia Mönchengladbach,6
Südkorea,DF,Lee Ki-hyuk,2000,Gangwon FC,2
Südkorea,DF,Cho Wi-je,2001,Jeonbuk Hyundai Motors,0
Südkorea,MF,Lee Jae-sung,1992,1. FSV Mainz 05,104
Südkorea,MF,Hwang Hee-chan,1996,Wolverhampton Wanderers,78
Südkorea,MF,Hwang In-beom,1996,Feyenoord,72
Südkorea,MF,Lee Kang-in,2001,Paris Saint-Germain,46
Südkorea,MF,Paik Seung-ho,1997,Birmingham City,26
Südkorea,MF,Kim Jin-gyu,1997,Jeonbuk Hyundai Motors,21
Südkorea,MF,Lee Dong-gyeong,1997,Ulsan HD,17
Südkorea,MF,Bae Jun-ho,2003,Stoke City,13
Südkorea,MF,Eom Ji-sung,2002,Swansea City,9
Südkorea,MF,Yang Hyun-jun,2002,Celtic,8
Südkorea,FW,Son Heung-min,1992,Los Angeles FC,143
Südkorea,FW,Cho Gue-sung,1998,Midtjylland,43
Südkorea,FW,Oh Hyeon-gyu,2001,Beşiktaş,26
Tschechien,GK,Matěj Kovář,2000,PSV Eindhoven,22
Tschechien,DF,David Zima,2000,SK Slavia Praha,26
Tschechien,DF,Tomáš Holeš,1993,SK Slavia Praha,42
Tschechien,DF,Robin Hranáč,2000,TSG Hoffenheim,16
Tschechien,DF,Vladimír Coufal,1992,TSG Hoffenheim,64
Tschechien,DF,Štěpán Chaloupek,2003,SK Slavia Praha,6
Tschechien,DF,Ladislav Krejčí,1999,Wolverhampton Wanderers FC,29
Tschechien,MF,Vladimír Darida,1990,FC Hradec Králové,80
Tschechien,FW,Adam Hložek,2002,TSG Hoffenheim,45
Tschechien,FW,Patrik Schick,1996,Bayer 04 Leverkusen,55
Tschechien,FW,Jan Kuchta,1997,AC Sparta Praha,31
Tschechien,MF,Lukáš Červ,2001,FC Viktoria Plzeň,18
Tschechien,FW,Mojmír Chytil,1999,SK Slavia Praha,23
Tschechien,DF,David Jurásek,2000,SK Slavia Praha,18
Tschechien,FW,Pavel Šulc,2000,Olympique Lyonnais,23
Tschechien,GK,Jindřich Staněk,1996,SK Slavia Praha,14
Tschechien,MF,Lukáš Provod,1996,SK Slavia Praha,40
Tschechien,MF,Michal Sadílek,1999,SK Slavia Praha,37
Tschechien,FW,Tomáš Chorý,1995,SK Slavia Praha,23
Tschechien,DF,Jaroslav Zelený,1992,AC Sparta Praha,25
Tschechien,DF,David Douděra,1998,SK Slavia Praha,17
Tschechien,MF,Tomáš Souček,1995,West Ham United FC,92
Tschechien,GK,Lukáš Horníček,2002,SC Braga,1
Tschechien,MF,Alexandr Sojka,2003,FC Viktoria Plzeň,4
Tschechien,MF,Hugo Sochůrek,2008,AC Sparta Praha,1
Tschechien,FW,Denis Višinský,2003,FC Viktoria Plzeň,2
Tunesien,GK,Aymen Dahmen,1997,CS Sfaxien,37
Tunesien,GK,Sabri Ben Hessen,1996,Étoile du Sahel,2
Tunesien,GK,Mouhib Chamakh,2001,Club Africain,1
Tunesien,DF,Montassar Talbi,1998,Lorient,62
Tunesien,DF,Dylan Bronn,1995,Servette FC,52
Tunesien,DF,Ali Abdi,1993,OGC Nice,45
Tunesien,DF,Yan Valery,1999,BSC Young Boys,21
Tunesien,DF,Mohamed Amine Ben Hamida,1995,Espérance de Tunis,12
Tunesien,DF,Moutaz Neffati,2004,IFK Norrköping,5
Tunesien,DF,Omar Rekik,2001,NK Maribor,4
Tunesien,DF,Adem Arous,2004,Kasımpaşa,1
Tunesien,DF,Raed Chikhaoui,2004,US Monastir,0
Tunesien,MF,Ellyes Skhiri,1995,Eintracht Frankfurt,81
Tunesien,MF,Hannibal Mejbri,2003,Burnley,44
Tunesien,MF,Anis Ben Slimane,2001,Norwich City FC,39
Tunesien,MF,Mortadha Ben Ouanes,1994,Kasımpaşa,17
Tunesien,MF,Ismaël Gharbi,2004,FC Augsburg,15
Tunesien,MF,Hadj Mahmoud,2000,FC Lugano,7
Tunesien,MF,Rani Khedira,1994,1. FC Union Berlin,2
Tunesien,FW,Elias Achouri,1999,FC København,29
Tunesien,FW,Firas Chaouat,1996,Club Africain,28
Tunesien,FW,Hazem Mastouri,1997,Dynamo Makhachkala,18
Tunesien,FW,Elias Saad,1999,Hannover 96,14
Tunesien,FW,Sebastian Tounekti,2002,Celtic FC,10
Tunesien,FW,Khalil Ayari,2005,Paris Saint-Germain,2
Tunesien,FW,Rayan Elloumi,2007,Vancouver Whitecaps FC,2
Türkei,GK,Uğurcan Çakır,1996,Galatasaray SK,38
Türkei,GK,Mert Günok,1989,Fenerbahçe SK,37
Türkei,GK,Altay Bayındır,1998,Manchester United FC,11
Türkei,DF,Merih Demiral,1998,Al-Ahli,61
Türkei,DF,Zeki Çelik,1997,AS Roma,59
Türkei,DF,Çağlar Söyüncü,1996,Fenerbahçe SK,59
Türkei,DF,Mert Müldür,1999,Fenerbahçe SK,43
Türkei,DF,Ferdi Kadıoğlu,1999,Brighton & Hove Albion FC,30
Türkei,DF,Ozan Kabak,2000,TSG Hoffenheim,28
Türkei,DF,Abdülkerim Bardakcı,1994,Galatasaray SK,26
Türkei,DF,Eren Elmalı,2000,Galatasaray SK,21
Türkei,MF,Hakan Çalhanoğlu,1994,FC Internazionale Milano,104
Türkei,MF,Kaan Ayhan,1994,Galatasaray SK,72
Türkei,MF,Orkun Kökçü,2000,Beşiktaş JK,48
Türkei,MF,İsmail Yüksek,1999,Fenerbahçe SK,31
Türkei,MF,Salih Özcan,1998,Borussia Dortmund,28
Türkei,MF,Atakan Karazor,1996,VfB Stuttgart,2
Türkei,FW,Kerem Aktürkoğlu,1998,Fenerbahçe SK,51
Türkei,FW,İrfan Can Kahveci,1995,Kasımpaşa,45
Türkei,FW,Barış Alper Yılmaz,2000,Galatasaray SK,33
Türkei,FW,Arda Güler,2005,Real Madrid C.F.,28
Türkei,FW,Kenan Yıldız,2005,Juventus FC,28
Türkei,FW,Yunus Akgün,2000,Galatasaray SK,17
Türkei,FW,Oğuz Aydın,2000,Fenerbahçe SK,9
Türkei,FW,Deniz Gül,2004,FC Porto,6
Türkei,FW,Can Uzun,2005,Eintracht Frankfurt,4
USA,GK,Matt Turner,1994,New England Revolution,54
USA,DF,Sergiño Dest,2000,PSV Eindhoven,38
USA,DF,Chris Richards,2000,Crystal Palace FC,36
USA,MF,Tyler Adams,1999,AFC Bournemouth,53
USA,DF,Antonee Robinson,1997,Fulham FC,53
USA,DF,Auston Trusty,1998,Celtic FC,7
USA,MF,Giovanni Reyna,2002,Borussia Mönchengladbach,37
USA,MF,Weston McKennie,1998,Juventus FC,65
USA,FW,Ricardo Pepi,2003,PSV Eindhoven,36
USA,FW,Christian Pulisic,1998,AC Milan,85
USA,FW,Brenden Aaronson,2000,Leeds United,57
USA,DF,Miles Robinson,1997,FC Cincinnati,39
USA,DF,Tim Ream,1987,Charlotte FC,81
USA,MF,Sebastian Berhalter,2001,Vancouver Whitecaps FC,12
USA,MF,Cristian Roldan,1995,Seattle Sounders FC,46
USA,DF,Alex Freeman,2004,Villarreal CF,16
USA,MF,Malik Tillman,2002,Bayer 04 Leverkusen,29
USA,DF,Maximilian Arfsten,2001,Columbus Crew,19
USA,FW,Haji Wright,1998,Coventry City,20
USA,FW,Folarin Balogun,2001,AS Monaco,26
USA,FW,Timothy Weah,2000,Olympique Marseille,50
USA,DF,Mark McKenzie,1999,Toulouse FC,28
USA,DF,Joe Scally,2002,Borussia Mönchengladbach,25
USA,GK,Matt Freese,1998,New York City FC,14
USA,GK,Chris Brady,2004,Chicago Fire FC,1
USA,FW,Alejandro Zendejas,1998,América,14
Uruguay,GK,Sergio Rochet,1993,CA River Plate,48
Uruguay,GK,Santiago Mele,1997,Montevideo City Torque,12
Uruguay,GK,Guillermo De Amores,1994,CD Nacional,8
Uruguay,DF,José María Giménez,1995,Atlético de Madrid,82
Uruguay,DF,Ronald Araújo,1999,FC Barcelona,52
Uruguay,DF,Mathías Olivera,1997,SSC Napoli,46
Uruguay,DF,Sebastián Coates,1991,Sporting CP,72
Uruguay,DF,Emiliano Velázquez,1995,Pumas UNAM,18
Uruguay,DF,Joaquín Piquerez,1999,SE Palmeiras,32
Uruguay,DF,Facundo González,2001,Valencia CF,12
Uruguay,DF,Marcelo Saracchi,1998,FC Lorient,8
Uruguay,MF,Federico Valverde,1998,Real Madrid C.F.,72
Uruguay,MF,Rodrigo Bentancur,1997,Tottenham Hotspur FC,68
Uruguay,MF,Manuel Ugarte,2001,Manchester United FC,36
Uruguay,MF,Nicolás De La Cruz,1997,CR Flamengo,48
Uruguay,MF,Giorgian De Arrascaeta,1994,CR Flamengo,66
Uruguay,MF,Brian Rodríguez,1999,Los Angeles FC,22
Uruguay,MF,Nahitan Nández,1996,Cagliari Calcio,62
Uruguay,FW,Darwin Núñez,1999,Liverpool FC,52
Uruguay,FW,Maximiliano Araújo,2000,Sporting CP,22
Uruguay,FW,Facundo Pellistri,2001,Manchester United FC,28
Uruguay,FW,Santiago Ramos Mingo,2005,CA Boca Juniors,8
Uruguay,FW,Agustín Álvarez,2001,SS Lazio,18
Uruguay,FW,Luciano Rodríguez,2003,Liverpool FC,12
Uruguay,FW,Diego Rossi,1998,Fenerbahçe SK,38
Uruguay,FW,Dante Elizondo,2003,CF Pachuca,4
Usbekistan,GK,Ignatiy Nesterov,1995,Pakhtakor,38
Usbekistan,GK,Utkir Yusupov,1993,Navbahor,22
Usbekistan,GK,Hamza Karimov,2000,Pakhtakor,8
Usbekistan,DF,Akbar Mirzoyev,1995,Pakhtakor,48
Usbekistan,DF,Dostonbek Khamdamov,1997,Nasaf,36
Usbekistan,DF,Umid Baynazarov,1999,Pakhtakor,28
Usbekistan,DF,Jamshid Iskandarov,1998,Pakhtakor,22
Usbekistan,DF,Manuchehr Jalolov,2001,FK Metallurg,14
Usbekistan,DF,Shamsiddin Shoev,1997,Pakhtakor,18
Usbekistan,DF,Rustam Ashurmatov,1998,Buriram United,22
Usbekistan,DF,Timur Suyunov,2002,Pakhtakor,8
Usbekistan,MF,Otabek Shukurov,1993,Pakhtakor,62
Usbekistan,MF,Jaloliddin Masharipov,1993,Pakhtakor,72
Usbekistan,MF,Bobur Abdixoliqov,1996,Pakhtakor,48
Usbekistan,MF,Dilshod Nematov,1992,Pakhtakor,52
Usbekistan,MF,Jamshid Sultanov,2000,Pakhtakor,22
Usbekistan,MF,Husan Abdullaev,1999,FK AGMK,28
Usbekistan,MF,Abbosbek Fayzullayev,2000,Red Bull Salzburg,32
Usbekistan,FW,Eldor Shomurodov,1995,AS Roma,62
Usbekistan,FW,Oybek Dzaksybekov,1994,Pakhtakor,38
Usbekistan,FW,Khojimat Erkinov,2001,Pakhtakor,22
Usbekistan,FW,Aziz Pardayev,1993,Pakhtakor,28
Usbekistan,FW,Asilbek Ismatov,2002,FK AGMK,14
Usbekistan,FW,Otabek Ostonov,2001,Lokomotiv Tashkent,12
Usbekistan,GK,Oybek Teshaev,2001,Nasaf,4
Usbekistan,MF,Qodir Hamrobekov,2003,Pakhtakor,6
Ägypten,GK,Mohamed Elshenawy,1988,Al Ahly FC,77
Ägypten,DF,Yasser Ibrahim,1993,Al Ahly FC,19
Ägypten,DF,Mohamed Hany,1996,Al Ahly FC,44
Ägypten,DF,Hossam Abdelmaguid,2001,Zamalek SC,13
Ägypten,DF,Ramy Rabia,1993,Al Ain FC,48
Ägypten,DF,Mohamed Abdelmoneim,1999,OGC Nice,36
Ägypten,FW,Trezeguet,1994,Al Ahly FC,96
Ägypten,MF,Emam Ashour,1998,Al Ahly FC,30
Ägypten,FW,Hamza Abdelkarim,2008,FC Barcelona,3
Ägypten,FW,Mohamed Salah,1992,Liverpool FC,117
Ägypten,MF,Mostafa Zico,1997,Pyramids FC,3
Ägypten,FW,Haissem Hassan,2002,Real Oviedo,4
Ägypten,DF,Ahmed Fatouh,1998,Zamalek SC,40
Ägypten,MF,Hamdy Fathy,1994,Al Wakrah SC,65
Ägypten,DF,Karim Hafez,1996,Pyramids FC,10
Ägypten,GK,Mahdy Soliman,1987,Zamalek SC,0
Ägypten,MF,Mohanad Lashin,1996,Pyramids FC,24
Ägypten,MF,Nabil Donga,1996,Al Najmah SC,12
Ägypten,MF,Marawan Attia,1998,Al Ahly FC,36
Ägypten,FW,Ibrahim Adel,2001,FC Nordsjælland,25
Ägypten,MF,Mahmoud Saber,2001,ZED FC,15
Ägypten,FW,Omar Marmoush,1999,Manchester City FC,51
Ägypten,GK,Mostafa Shoubir,2000,Al Ahly FC,11
Ägypten,DF,Tarek Alaa,2002,ZED FC,3
Ägypten,FW,Zizo,1996,Al Ahly FC,65
Ägypten,GK,Mohamed Alaa,1999,El Gouna FC,0
Österreich,GK,Alexander Schlager,1996,FC Red Bull Salzburg,27
Österreich,DF,David Affengruber,2001,Elche CF,1
Österreich,DF,Kevin Danso,1998,Tottenham Hotspur FC,33
Österreich,MF,Xaver Schlager,1997,RB Leipzig,52
Österreich,DF,Stefan Posch,1997,1. FSV Mainz 05,53
Österreich,MF,Nicolas Seiwald,2001,RB Leipzig,48
Österreich,FW,Marko Arnautovic,1989,FK Crvena Zvezda,134
Österreich,DF,David Alaba,1992,Real Madrid C.F.,114
Österreich,MF,Marcel Sabitzer,1994,Borussia Dortmund,99
Österreich,MF,Florian Grillitsch,1995,SC Braga,59
Österreich,FW,Michael Gregoritsch,1994,FC Augsburg,75
Österreich,GK,Florian Wiegele,2001,FC Viktoria Plzeň,1
Österreich,GK,Patrick Pentz,1997,Brøndby IF,18
Österreich,FW,Saša Kalajdžić,1997,LASK Linz,23
Österreich,DF,Philipp Lienhart,1996,SC Freiburg,42
Österreich,DF,Phillip Mwene,1994,1. FSV Mainz 05,31
Österreich,MF,Carney Chukwuemeka,2003,Borussia Dortmund,4
Österreich,MF,Romano Schmid,2000,SV Werder Bremen,35
Österreich,MF,Dejan Ljubičić,1997,FC Schalke 04,9
Österreich,MF,Konrad Laimer,1997,FC Bayern München,58
Österreich,FW,Patrick Wimmer,2001,VfL Wolfsburg,31
Österreich,MF,Alexander Prass,2001,TSG Hoffenheim,19
Österreich,DF,Marco Friedl,1998,SV Werder Bremen,11
Österreich,MF,Paul Wanner,2005,PSV Eindhoven,4
Österreich,DF,Michael Svoboda,1998,Venezia FC,4
Österreich,MF,Alessandro Schöpf,1994,Wolfsberger AC,35
