"Spiel";"Datum";"Match";"Alessio C Rang";"Alessio C Punkte kum.";"Amapola M Rang";"Amapola M Punkte kum.";"Beat N Rang";"Beat N Punkte kum.";"Ben H Rang";"Ben H Punkte kum.";"Blackbird Blackbird Rang";"Blackbird Blackbird Punkte kum.";"Breviceps Fuscus Rang";"Breviceps Fuscus Punkte kum.";"Danielle M Rang";"Danielle M Punkte kum.";"Elli G Rang";"Elli G Punkte kum.";"Harry K Rang";"Harry K Punkte kum.";"Isabella A Rang";"Isabella A Punkte kum.";"jacqueline w Rang";"jacqueline w Punkte kum.";"Joe C Rang";"Joe C Punkte kum.";"Jothy S Rang";"Jothy S Punkte kum.";"Katja M Rang";"Katja M Punkte kum.";"Laura S Rang";"Laura S Punkte kum.";"Lisanne H Rang";"Lisanne H Punkte kum.";"Major T Rang";"Major T Punkte kum.";"Marc L Rang";"Marc L Punkte kum.";"Menusha G Rang";"Menusha G Punkte kum.";"Michael B Rang";"Michael B Punkte kum.";"Michael H Rang";"Michael H Punkte kum.";"Michèle F Rang";"Michèle F Punkte kum.";"Nick R Rang";"Nick R Punkte kum.";"Nikolinho F Rang";"Nikolinho F Punkte kum.";"Noelia O Rang";"Noelia O Punkte kum.";"Peternaldo dos Santos Aveiro Rang";"Peternaldo dos Santos Aveiro Punkte kum.";"Plido Pao Rang";"Plido Pao Punkte kum.";"Roger K Rang";"Roger K Punkte kum.";"Rona K Rang";"Rona K Punkte kum.";"Schneckerl Prohaska Rang";"Schneckerl Prohaska Punkte kum.";"Silke S Rang";"Silke S Punkte kum.";"Valentin Bolt Rang";"Valentin Bolt Punkte kum."
"1";"11.06.2026";"Mexiko vs Südafrika";"15";"6";"1";"10";"1";"10";"1";"10";"1";"10";"1";"10";"26";"0";"15";"6";"26";"0";"15";"6";"26";"0";"26";"0";"15";"6";"1";"10";"1";"10";"15";"6";"25";"1";"15";"6";"15";"6";"15";"6";"1";"10";"10";"8";"10";"8";"15";"6";"26";"0";"10";"8";"15";"6";"1";"10";"26";"0";"26";"0";"10";"8";"10";"8"
"2";"12.06.2026";"Südkorea vs Tschechien";"6";"14";"15";"10";"15";"10";"11";"11";"15";"10";"15";"10";"31";"0";"24";"6";"31";"0";"6";"14";"15";"10";"28";"1";"3";"16";"11";"11";"11";"11";"24";"6";"27";"2";"22";"7";"22";"7";"24";"6";"11";"11";"3";"16";"1";"18";"6";"14";"28";"1";"20";"9";"10";"12";"1";"18";"28";"1";"21";"8";"6";"14";"3";"16"
"3";"12.06.2026";"Kanada vs Bosnien-Herzeg.";"11";"15";"17";"11";"17";"11";"15";"12";"17";"11";"17";"11";"30";"1";"26";"6";"30";"1";"3";"24";"7";"18";"30";"1";"8";"17";"4";"19";"15";"12";"24";"7";"27";"2";"8";"17";"22";"8";"24";"7";"4";"19";"8";"17";"4";"19";"11";"15";"27";"2";"21";"10";"14";"13";"1";"28";"27";"2";"22";"8";"11";"15";"2";"26"
"4";"13.06.2026";"USA vs Paraguay";"8";"21";"13";"17";"13";"17";"13";"17";"21";"12";"13";"17";"30";"1";"28";"6";"30";"1";"2";"29";"12";"18";"30";"1";"4";"25";"4";"25";"13";"17";"25";"7";"25";"7";"13";"17";"23";"8";"19";"13";"10";"20";"7";"22";"4";"25";"10";"20";"25";"7";"22";"11";"19";"13";"3";"28";"29";"3";"23";"8";"8";"21";"1";"32"
"5";"13.06.2026";"Katar vs Schweiz";"8";"21";"13";"17";"13";"17";"13";"17";"22";"12";"13";"17";"32";"1";"28";"6";"30";"2";"2";"29";"12";"19";"30";"2";"5";"25";"5";"25";"13";"17";"13";"17";"27";"7";"13";"17";"25";"8";"20";"13";"10";"20";"7";"22";"4";"26";"10";"20";"25";"8";"22";"12";"20";"13";"3";"28";"29";"3";"24";"9";"8";"21";"1";"32"
"6";"13.06.2026";"Brasilien vs Marokko";"10";"22";"15";"18";"5";"27";"15";"18";"23";"13";"15";"18";"32";"2";"28";"6";"29";"3";"2";"30";"13";"20";"29";"3";"8";"25";"7";"26";"15";"18";"20";"17";"25";"8";"15";"18";"25";"8";"21";"14";"13";"20";"9";"23";"5";"27";"12";"21";"25";"8";"10";"22";"21";"14";"3";"29";"29";"3";"24";"9";"3";"29";"1";"32"
"7";"14.06.2026";"Haiti vs Schottland";"7";"32";"12";"28";"5";"33";"17";"24";"20";"23";"17";"24";"32";"2";"28";"12";"27";"13";"1";"40";"16";"26";"30";"9";"5";"33";"7";"32";"17";"24";"24";"18";"24";"18";"12";"28";"26";"16";"21";"20";"10";"30";"11";"29";"7";"32";"15";"27";"31";"8";"12";"28";"21";"20";"4";"35";"29";"11";"23";"19";"2";"39";"3";"38"
"8";"14.06.2026";"Australien vs Türkei";"7";"32";"11";"29";"6";"33";"17";"24";"20";"23";"17";"24";"32";"2";"29";"12";"28";"13";"1";"46";"15";"27";"31";"9";"5";"34";"7";"32";"17";"24";"23";"19";"25";"18";"13";"28";"26";"17";"21";"20";"10";"30";"11";"29";"7";"32";"15";"27";"27";"14";"13";"28";"21";"20";"4";"35";"30";"11";"23";"19";"2";"39";"2";"39"
"9";"14.06.2026";"Deutschland vs Curaçao";"8";"37";"11";"34";"6";"38";"17";"29";"17";"29";"17";"29";"32";"2";"29";"17";"28";"18";"1";"51";"13";"33";"31";"15";"5";"39";"8";"37";"17";"29";"23";"24";"25";"23";"13";"33";"26";"22";"22";"25";"10";"35";"11";"34";"6";"38";"16";"32";"27";"19";"13";"33";"21";"26";"4";"40";"30";"16";"23";"24";"3";"44";"2";"47"
"10";"14.06.2026";"Niederlande vs Japan";"10";"38";"12";"35";"4";"46";"19";"29";"17";"30";"17";"30";"32";"2";"29";"17";"28";"19";"1";"59";"14";"34";"31";"15";"8";"40";"10";"38";"19";"29";"24";"24";"24";"24";"14";"34";"27";"23";"23";"26";"12";"35";"6";"42";"9";"39";"16";"32";"19";"29";"7";"41";"22";"27";"3";"48";"29";"17";"24";"24";"5";"45";"2";"57"
"11";"14.06.2026";"Elfenbeinküste vs Ecuador";"12";"39";"15";"35";"6";"47";"20";"30";"20";"30";"13";"38";"32";"2";"29";"18";"28";"19";"2";"60";"8";"42";"31";"16";"9";"40";"13";"38";"20";"30";"26";"24";"18";"32";"15";"35";"26";"24";"24";"27";"15";"35";"4";"50";"9";"40";"9";"40";"23";"29";"5";"49";"24";"27";"3";"56";"29";"18";"18";"32";"7";"46";"1";"63"
"12";"15.06.2026";"Schweden vs Tunesien";"10";"45";"12";"41";"7";"47";"19";"35";"19";"35";"17";"38";"32";"2";"29";"23";"28";"24";"1";"66";"6";"48";"31";"21";"15";"40";"11";"43";"18";"36";"26";"29";"23";"32";"12";"41";"26";"29";"23";"32";"15";"40";"4";"51";"8";"46";"12";"41";"19";"35";"5";"50";"23";"32";"3";"57";"29";"23";"22";"33";"8";"46";"2";"63"
"13";"15.06.2026";"Spanien vs Kap Verde";"10";"46";"12";"42";"6";"48";"18";"36";"18";"36";"17";"39";"32";"3";"28";"24";"28";"24";"1";"67";"6";"48";"31";"22";"15";"41";"11";"44";"18";"36";"26";"30";"23";"33";"12";"42";"26";"30";"23";"33";"15";"41";"4";"52";"8";"47";"12";"42";"18";"36";"5";"51";"23";"33";"3";"58";"30";"23";"22";"34";"8";"47";"2";"64"
"14";"15.06.2026";"Belgien vs Ägypten";"10";"47";"13";"43";"6";"48";"19";"37";"19";"37";"10";"47";"32";"4";"30";"24";"29";"25";"2";"68";"6";"48";"27";"30";"16";"42";"12";"45";"19";"37";"27";"30";"26";"33";"13";"43";"18";"40";"24";"34";"16";"42";"5";"52";"6";"48";"13";"43";"19";"37";"3";"61";"24";"34";"4";"59";"31";"23";"23";"35";"6";"48";"1";"74"
"15";"15.06.2026";"Saudi-Arabien vs Uruguay";"11";"47";"14";"43";"6";"49";"21";"38";"21";"38";"11";"47";"32";"5";"30";"24";"29";"26";"1";"78";"6";"49";"28";"30";"19";"42";"13";"45";"23";"37";"20";"40";"14";"43";"14";"43";"9";"48";"26";"35";"14";"43";"5";"52";"6";"49";"14";"43";"23";"37";"3";"62";"27";"34";"4";"60";"30";"24";"25";"36";"9";"48";"2";"75"
"16";"16.06.2026";"Iran vs Neuseeland";"7";"55";"9";"51";"12";"50";"23";"39";"23";"39";"16";"47";"32";"5";"31";"25";"28";"34";"1";"78";"12";"50";"30";"30";"18";"43";"17";"46";"26";"37";"15";"48";"9";"51";"18";"43";"5";"56";"18";"43";"9";"51";"8";"52";"12";"50";"18";"43";"25";"38";"4";"62";"22";"42";"3";"68";"29";"32";"27";"36";"5";"56";"2";"75"
"17";"16.06.2026";"Frankreich vs Senegal";"5";"65";"8";"61";"12";"56";"24";"47";"21";"49";"15";"53";"32";"15";"31";"31";"26";"44";"1";"84";"12";"56";"29";"38";"19";"51";"12";"56";"28";"43";"10";"58";"19";"51";"15";"53";"6";"64";"21";"49";"11";"57";"15";"53";"9";"60";"23";"48";"26";"44";"4";"72";"18";"52";"3";"78";"29";"38";"25";"46";"7";"62";"2";"83"
"18";"16.06.2026";"Irak vs Norwegen";"5";"70";"8";"66";"13";"62";"23";"52";"21";"55";"16";"58";"32";"15";"31";"36";"25";"50";"1";"89";"8";"66";"30";"38";"18";"57";"11";"64";"28";"49";"12";"63";"20";"56";"16";"58";"7";"69";"25";"50";"13";"62";"15";"59";"8";"66";"22";"53";"25";"50";"4";"77";"18";"57";"3";"86";"29";"43";"24";"51";"5";"70";"2";"88"
"19";"17.06.2026";"Argentinien vs Algerien";"5";"80";"8";"72";"15";"67";"24";"58";"20";"61";"16";"64";"32";"21";"31";"46";"26";"56";"1";"95";"10";"71";"29";"48";"18";"63";"11";"70";"23";"59";"12";"69";"20";"61";"16";"64";"6";"79";"26";"56";"14";"68";"12";"69";"8";"72";"24";"58";"26";"56";"4";"83";"18";"63";"3";"92";"29";"48";"20";"61";"7";"76";"2";"93"
"20";"17.06.2026";"Österreich vs Jordanien";"5";"86";"9";"78";"14";"73";"22";"66";"18";"69";"16";"72";"32";"21";"30";"51";"28";"57";"1";"103";"10";"77";"31";"48";"18";"69";"11";"76";"25";"64";"13";"74";"22";"66";"16";"72";"6";"84";"26";"62";"14";"73";"12";"75";"8";"80";"22";"66";"26";"62";"4";"91";"18";"69";"2";"102";"29";"53";"18";"69";"7";"82";"3";"93"
"21";"17.06.2026";"Portugal vs DR Kongo";"5";"86";"9";"78";"13";"74";"22";"66";"18";"70";"15";"73";"32";"21";"30";"51";"28";"58";"1";"104";"9";"78";"31";"49";"18";"70";"11";"76";"25";"64";"13";"74";"22";"66";"17";"72";"6";"84";"26";"63";"15";"73";"11";"76";"8";"80";"22";"66";"27";"62";"4";"92";"18";"70";"2";"102";"29";"54";"18";"70";"7";"82";"3";"93"
"22";"17.06.2026";"England vs Kroatien";"5";"91";"9";"83";"18";"74";"26";"66";"21";"71";"15";"78";"32";"21";"29";"57";"28";"59";"1";"109";"9";"83";"31";"49";"24";"70";"11";"81";"20";"72";"14";"79";"18";"74";"16";"77";"8";"84";"27";"64";"11";"81";"11";"81";"6";"88";"21";"71";"25";"68";"4";"92";"21";"71";"2";"107";"30";"54";"17";"75";"7";"87";"3";"101"
"23";"17.06.2026";"Ghana vs Panama";"5";"97";"8";"89";"15";"82";"26";"67";"17";"81";"14";"83";"32";"29";"30";"57";"29";"60";"1";"117";"10";"88";"31";"49";"21";"78";"8";"89";"21";"78";"19";"80";"19";"80";"11";"87";"7";"94";"27";"65";"11";"87";"15";"82";"6";"96";"23";"77";"25";"69";"4";"100";"24";"72";"2";"113";"28";"62";"17";"81";"11";"87";"3";"107"
"24";"18.06.2026";"Usbekistan vs Kolumbien";"4";"105";"8";"97";"16";"88";"25";"72";"14";"89";"14";"89";"32";"37";"30";"62";"29";"66";"1";"123";"10";"94";"31";"59";"21";"84";"8";"97";"21";"84";"23";"80";"18";"86";"11";"93";"7";"99";"26";"71";"12";"92";"16";"88";"5";"102";"20";"85";"27";"70";"6";"101";"24";"73";"2";"118";"28";"67";"18";"86";"12";"92";"3";"115"
"25";"18.06.2026";"Tschechien vs Südafrika";"7";"105";"11";"97";"16";"89";"25";"72";"16";"89";"11";"97";"32";"38";"25";"72";"30";"67";"1";"124";"13";"95";"31";"60";"20";"85";"5";"107";"22";"84";"23";"81";"18";"87";"14";"94";"5";"107";"25";"72";"9";"102";"10";"98";"8";"103";"20";"85";"28";"71";"4";"111";"23";"81";"3";"119";"29";"68";"19";"86";"15";"92";"2";"123"
"26";"18.06.2026";"Schweiz vs Bosnien-Herzeg.";"7";"111";"12";"102";"16";"95";"26";"77";"17";"94";"11";"103";"32";"44";"26";"77";"30";"73";"1";"129";"15";"96";"31";"60";"21";"90";"5";"113";"21";"90";"24";"86";"18";"92";"13";"100";"5";"113";"25";"78";"9";"107";"10";"104";"8";"109";"20";"91";"28";"76";"4";"117";"23";"87";"3";"124";"29";"74";"18";"92";"14";"98";"1";"129"
"27";"18.06.2026";"Kanada vs Katar";"6";"117";"14";"102";"15";"100";"26";"83";"15";"100";"11";"109";"32";"50";"26";"83";"29";"78";"3";"129";"19";"96";"31";"65";"21";"95";"8";"113";"19";"96";"24";"87";"23";"92";"12";"105";"5";"119";"25";"84";"8";"113";"10";"110";"7";"115";"18";"97";"30";"76";"4";"123";"22";"93";"2";"130";"28";"80";"17";"98";"13";"104";"1";"134"
"28";"19.06.2026";"Mexiko vs Südkorea";"8";"118";"16";"107";"15";"108";"28";"84";"12";"110";"14";"109";"32";"58";"26";"88";"27";"86";"2";"137";"20";"97";"31";"70";"22";"95";"9";"114";"20";"97";"22";"95";"24";"92";"10";"113";"4";"127";"24";"92";"7";"119";"12";"110";"5";"123";"19";"98";"30";"77";"5";"123";"17";"101";"3";"131";"29";"80";"18";"99";"11";"112";"1";"140"
"29";"19.06.2026";"USA vs Australien";"6";"128";"13";"115";"15";"114";"26";"92";"17";"110";"13";"115";"32";"63";"27";"88";"28";"86";"2";"143";"24";"97";"31";"70";"19";"103";"8";"120";"19";"103";"25";"95";"21";"100";"10";"119";"4";"133";"23";"98";"8";"120";"11";"118";"5";"129";"18";"104";"30";"78";"7";"123";"16";"111";"3";"141";"28";"86";"22";"99";"11";"118";"1";"146"
"30";"19.06.2026";"Schottland vs Marokko";"4";"134";"12";"121";"14";"120";"23";"98";"14";"120";"10";"125";"32";"68";"29";"89";"27";"94";"3";"143";"23";"98";"31";"71";"20";"108";"14";"120";"18";"111";"26";"95";"21";"106";"8";"127";"4";"134";"23";"98";"12";"121";"11";"124";"7";"130";"19";"110";"30";"79";"6";"131";"17";"119";"2";"147";"28";"92";"22";"105";"9";"126";"1";"156"
"31";"20.06.2026";"Brasilien vs Haiti";"5";"140";"10";"131";"12";"130";"23";"104";"15";"126";"10";"131";"31";"78";"28";"99";"26";"102";"3";"149";"23";"104";"32";"76";"18";"118";"12";"130";"19";"117";"27";"101";"20";"116";"8";"133";"4";"144";"23";"104";"17";"122";"12";"130";"7";"136";"20";"116";"30";"85";"6";"137";"16";"125";"2";"153";"29";"98";"22";"111";"9";"132";"1";"162"
"32";"20.06.2026";"Türkei vs Paraguay";"6";"140";"12";"131";"12";"131";"25";"105";"16";"127";"5";"141";"32";"83";"28";"99";"27";"103";"3";"150";"22";"112";"31";"84";"19";"118";"7";"138";"16";"127";"24";"109";"20";"116";"10";"134";"4";"145";"25";"105";"18";"123";"12";"131";"9";"137";"20";"116";"30";"95";"7";"138";"12";"131";"2";"154";"28";"99";"22";"112";"11";"133";"1";"162"
"33";"20.06.2026";"Niederlande vs Schweden";"5";"146";"12";"137";"12";"137";"25";"111";"16";"133";"5";"146";"31";"89";"27";"105";"26";"109";"3";"151";"24";"112";"32";"84";"18";"123";"7";"144";"17";"132";"23";"115";"22";"116";"10";"140";"3";"151";"27";"105";"18";"123";"12";"137";"9";"143";"20";"117";"30";"95";"7";"144";"12";"137";"2";"160";"27";"105";"20";"117";"11";"139";"1";"167"
"34";"20.06.2026";"Deutschland vs Elfenbeinküste";"5";"152";"16";"142";"10";"147";"25";"116";"14";"143";"5";"152";"31";"95";"29";"110";"26";"115";"4";"156";"24";"118";"32";"94";"18";"128";"7";"149";"17";"138";"23";"120";"22";"122";"12";"146";"3";"161";"26";"115";"19";"123";"14";"143";"7";"149";"19";"123";"30";"100";"13";"145";"10";"147";"2";"166";"26";"115";"19";"123";"7";"149";"1";"175"
"35";"21.06.2026";"Ecuador vs Curaçao";"5";"153";"16";"143";"11";"148";"26";"117";"14";"144";"5";"153";"31";"96";"29";"111";"27";"116";"4";"157";"25";"119";"32";"94";"19";"129";"8";"150";"17";"139";"24";"121";"22";"123";"12";"147";"3";"162";"22";"123";"18";"133";"14";"144";"8";"150";"20";"124";"30";"108";"5";"153";"12";"147";"2";"167";"27";"116";"20";"124";"8";"150";"1";"176"
"36";"21.06.2026";"Tunesien vs Japan";"5";"159";"16";"148";"10";"153";"26";"123";"14";"150";"5";"159";"31";"102";"28";"117";"29";"116";"4";"163";"25";"124";"32";"99";"18";"139";"8";"155";"17";"144";"24";"127";"20";"129";"12";"152";"3";"168";"23";"128";"19";"134";"14";"150";"8";"155";"20";"129";"30";"108";"10";"153";"12";"152";"2";"173";"27";"122";"20";"129";"7";"156";"1";"176"
"37";"21.06.2026";"Spanien vs Saudi-Arabien";"5";"165";"16";"154";"7";"163";"26";"128";"14";"156";"5";"165";"31";"108";"28";"122";"29";"121";"4";"169";"25";"130";"32";"104";"18";"145";"9";"161";"17";"150";"24";"133";"19";"139";"12";"158";"3";"174";"23";"134";"21";"135";"15";"155";"10";"160";"21";"135";"30";"114";"11";"159";"13";"157";"2";"179";"26";"128";"19";"139";"8";"162";"1";"186"
"38";"21.06.2026";"Belgien vs Iran";"5";"166";"15";"155";"8";"163";"27";"129";"7";"164";"5";"166";"31";"108";"28";"123";"29";"122";"4";"170";"26";"130";"32";"104";"17";"153";"10";"161";"18";"151";"24";"134";"20";"140";"13";"158";"3";"174";"24";"134";"19";"145";"15";"155";"10";"161";"23";"135";"30";"114";"12";"159";"13";"158";"2";"180";"22";"136";"20";"140";"8";"163";"1";"187"
"39";"21.06.2026";"Uruguay vs Kap Verde";"6";"166";"15";"156";"8";"164";"27";"130";"7";"165";"3";"174";"31";"109";"28";"124";"30";"122";"5";"171";"26";"131";"32";"105";"17";"153";"10";"162";"19";"152";"25";"134";"20";"141";"12";"159";"3";"174";"23";"135";"17";"153";"16";"155";"10";"162";"23";"135";"28";"124";"12";"159";"12";"159";"2";"180";"22";"136";"21";"140";"9";"163";"1";"187"
"40";"22.06.2026";"Neuseeland vs Ägypten";"4";"174";"14";"161";"7";"170";"23";"138";"7";"170";"3";"179";"31";"115";"28";"125";"30";"122";"6";"172";"27";"131";"32";"106";"17";"159";"10";"168";"18";"153";"26";"134";"22";"142";"12";"165";"4";"174";"24";"136";"18";"153";"14";"161";"10";"168";"21";"143";"29";"124";"12";"165";"16";"160";"2";"188";"24";"136";"20";"148";"9";"169";"1";"192"
"41";"22.06.2026";"Argentinien vs Österreich";"4";"180";"15";"167";"6";"178";"23";"146";"9";"176";"3";"189";"31";"123";"28";"133";"29";"130";"6";"178";"26";"136";"32";"114";"17";"165";"9";"176";"18";"161";"24";"142";"20";"152";"12";"171";"4";"180";"24";"142";"19";"154";"16";"166";"11";"174";"21";"149";"30";"129";"12";"171";"14";"170";"2";"194";"26";"136";"22";"148";"8";"177";"1";"200"
"42";"22.06.2026";"Frankreich vs Irak";"4";"190";"13";"177";"8";"184";"23";"152";"6";"186";"3";"195";"31";"133";"28";"139";"29";"136";"8";"184";"26";"142";"32";"120";"17";"171";"6";"186";"17";"171";"23";"152";"19";"158";"11";"181";"4";"190";"25";"148";"20";"155";"15";"176";"12";"180";"20";"155";"30";"135";"13";"177";"15";"176";"2";"204";"26";"142";"22";"154";"10";"183";"1";"206"
"43";"23.06.2026";"Norwegen vs Senegal";"7";"190";"16";"178";"12";"185";"24";"152";"10";"186";"3";"195";"30";"141";"28";"144";"28";"144";"6";"192";"27";"147";"32";"128";"15";"181";"4";"194";"18";"171";"20";"157";"19";"158";"9";"189";"7";"190";"25";"148";"22";"155";"17";"176";"10";"186";"21";"156";"31";"135";"12";"185";"14";"184";"1";"212";"25";"148";"22";"155";"5";"193";"2";"207"
"44";"23.06.2026";"Jordanien vs Algerien";"5";"198";"16";"188";"12";"191";"22";"160";"7";"194";"6";"196";"30";"142";"28";"145";"28";"145";"9";"192";"27";"148";"32";"129";"15";"189";"7";"194";"18";"179";"23";"157";"20";"164";"4";"199";"14";"190";"25";"149";"24";"155";"17";"186";"9";"192";"19";"166";"31";"136";"12";"191";"9";"192";"1";"218";"25";"149";"21";"163";"3";"203";"2";"213"
"45";"23.06.2026";"Portugal vs Usbekistan";"4";"204";"16";"194";"13";"196";"22";"166";"7";"200";"6";"202";"30";"148";"29";"150";"28";"151";"9";"198";"27";"154";"32";"134";"15";"195";"7";"200";"18";"185";"23";"163";"20";"170";"4";"204";"13";"196";"25";"155";"24";"156";"17";"192";"9";"198";"19";"172";"31";"142";"11";"197";"11";"197";"1";"224";"25";"155";"21";"169";"3";"208";"2";"219"
"46";"23.06.2026";"England vs Ghana";"4";"205";"15";"195";"13";"196";"22";"167";"8";"200";"6";"203";"30";"148";"28";"151";"28";"151";"9";"199";"27";"154";"32";"135";"15";"195";"7";"201";"18";"185";"24";"164";"20";"170";"4";"205";"13";"196";"25";"156";"23";"166";"17";"192";"10";"198";"19";"172";"31";"143";"12";"197";"10";"198";"1";"225";"26";"155";"21";"169";"3";"208";"2";"220"
"47";"23.06.2026";"Panama vs Kroatien";"5";"211";"15";"201";"15";"201";"22";"173";"7";"208";"4";"213";"30";"154";"27";"157";"27";"157";"9";"205";"29";"155";"32";"140";"11";"203";"8";"207";"18";"195";"24";"165";"21";"176";"5";"211";"14";"202";"26";"162";"23";"167";"17";"197";"11";"203";"20";"178";"31";"144";"9";"205";"11";"203";"1";"231";"25";"163";"19";"179";"3";"216";"2";"226"
"48";"24.06.2026";"Kolumbien vs DR Kongo";"4";"217";"14";"207";"12";"209";"21";"181";"5";"214";"5";"214";"30";"160";"28";"165";"27";"167";"10";"211";"29";"163";"31";"148";"10";"211";"7";"213";"17";"201";"23";"175";"19";"184";"9";"212";"16";"203";"24";"172";"26";"168";"18";"198";"13";"208";"19";"184";"32";"145";"15";"206";"7";"213";"1";"239";"25";"171";"22";"180";"3";"222";"2";"232"
"49";"24.06.2026";"Schweiz vs Kanada";"4";"227";"9";"217";"8";"219";"20";"191";"14";"215";"14";"215";"30";"170";"26";"175";"24";"177";"9";"217";"28";"173";"31";"148";"11";"216";"5";"223";"17";"211";"26";"175";"22";"184";"6";"222";"16";"213";"29";"172";"25";"176";"18";"204";"11";"216";"19";"194";"32";"146";"11";"216";"7";"221";"1";"245";"23";"179";"21";"190";"3";"228";"2";"240"
"50";"24.06.2026";"Bosnien-Herzeg. vs Katar";"3";"235";"8";"225";"8";"225";"19";"199";"14";"221";"11";"223";"27";"178";"25";"183";"23";"185";"16";"218";"29";"173";"31";"156";"12";"222";"10";"224";"17";"212";"28";"175";"22";"190";"5";"227";"14";"221";"29";"173";"26";"181";"17";"212";"6";"226";"19";"199";"32";"146";"6";"226";"12";"222";"1";"253";"23";"185";"21";"196";"4";"234";"2";"248"
"51";"24.06.2026";"Schottland vs Brasilien";"3";"241";"9";"231";"5";"235";"20";"205";"15";"226";"11";"229";"27";"184";"25";"189";"23";"191";"15";"226";"28";"179";"31";"161";"12";"228";"10";"230";"17";"218";"30";"175";"22";"195";"5";"235";"14";"227";"29";"178";"26";"187";"17";"218";"7";"234";"20";"205";"32";"152";"8";"232";"12";"228";"1";"259";"23";"191";"19";"206";"4";"240";"2";"254"
"52";"24.06.2026";"Marokko vs Haiti";"4";"246";"11";"236";"5";"240";"20";"213";"13";"234";"10";"237";"26";"192";"25";"194";"23";"199";"16";"226";"28";"185";"31";"166";"11";"236";"9";"238";"17";"223";"30";"175";"22";"200";"5";"240";"15";"232";"29";"178";"24";"195";"17";"223";"5";"240";"20";"213";"32";"152";"5";"240";"14";"233";"1";"264";"27";"191";"19";"214";"3";"248";"2";"262"
"53";"25.06.2026";"Südafrika vs Südkorea";"4";"246";"5";"242";"6";"241";"20";"213";"14";"234";"11";"238";"26";"193";"25";"195";"23";"200";"13";"236";"27";"191";"31";"171";"12";"237";"10";"239";"17";"224";"30";"175";"22";"201";"9";"240";"15";"233";"29";"179";"24";"196";"17";"224";"6";"241";"20";"213";"32";"152";"6";"241";"15";"233";"1";"264";"27";"191";"19";"215";"3";"249";"2";"263"
"54";"25.06.2026";"Tschechien vs Mexiko";"4";"251";"5";"247";"6";"246";"20";"219";"16";"234";"14";"238";"25";"198";"23";"200";"23";"200";"11";"242";"26";"196";"31";"171";"10";"243";"12";"239";"18";"229";"30";"175";"22";"207";"9";"245";"12";"239";"29";"180";"26";"196";"17";"230";"6";"246";"21";"218";"32";"152";"6";"246";"14";"238";"1";"269";"28";"191";"19";"221";"3";"255";"1";"269"
"55";"25.06.2026";"Ecuador vs Deutschland";"5";"251";"6";"248";"7";"246";"20";"219";"16";"235";"14";"238";"25";"198";"23";"200";"23";"200";"11";"242";"26";"196";"31";"171";"10";"244";"12";"239";"18";"229";"30";"175";"22";"207";"9";"245";"12";"239";"29";"180";"26";"196";"17";"230";"7";"246";"21";"218";"32";"152";"3";"256";"14";"238";"1";"269";"28";"191";"19";"221";"4";"255";"1";"269"
"56";"25.06.2026";"Curaçao vs Elfenbeinküste";"5";"257";"6";"254";"7";"252";"20";"229";"14";"241";"17";"239";"25";"208";"23";"210";"23";"210";"13";"242";"28";"196";"31";"177";"10";"250";"11";"249";"17";"239";"29";"181";"22";"213";"9";"251";"15";"240";"30";"180";"26";"206";"15";"240";"7";"252";"21";"224";"32";"152";"4";"264";"12";"244";"2";"275";"27";"201";"19";"231";"3";"265";"1";"279"
"57";"25.06.2026";"Tunesien vs Niederlande";"6";"262";"5";"264";"9";"258";"20";"235";"14";"249";"16";"247";"25";"216";"23";"218";"23";"218";"13";"250";"28";"202";"29";"187";"11";"256";"10";"257";"17";"245";"30";"186";"22";"223";"8";"259";"15";"248";"30";"186";"26";"214";"17";"245";"6";"262";"21";"232";"32";"157";"4";"270";"12";"254";"2";"281";"27";"211";"19";"237";"3";"271";"1";"284"
"58";"25.06.2026";"Japan vs Schweden";"8";"263";"4";"274";"11";"259";"20";"236";"11";"259";"14";"257";"24";"226";"25";"219";"23";"228";"10";"260";"28";"203";"29";"197";"7";"264";"13";"258";"15";"255";"30";"194";"22";"231";"6";"269";"17";"249";"31";"187";"26";"215";"18";"246";"8";"263";"21";"233";"32";"167";"3";"280";"15";"255";"2";"282";"27";"212";"19";"238";"5";"271";"1";"292"
"59";"26.06.2026";"Paraguay vs Australien";"11";"263";"5";"274";"7";"267";"20";"237";"7";"267";"9";"265";"21";"234";"25";"227";"24";"228";"14";"261";"28";"203";"29";"197";"10";"264";"15";"259";"11";"263";"31";"194";"23";"232";"6";"269";"17";"250";"30";"195";"26";"225";"18";"246";"11";"263";"22";"233";"32";"175";"3";"288";"16";"256";"2";"290";"27";"220";"18";"246";"4";"279";"1";"302"
"60";"26.06.2026";"Türkei vs USA";"13";"263";"5";"275";"7";"268";"20";"238";"8";"267";"9";"266";"21";"234";"25";"228";"24";"229";"14";"262";"28";"211";"30";"198";"10";"265";"15";"260";"11";"264";"31";"194";"23";"232";"6";"270";"17";"250";"29";"203";"26";"225";"19";"246";"11";"264";"22";"233";"32";"175";"2";"296";"16";"256";"3";"290";"27";"221";"18";"247";"4";"279";"1";"302"
"61";"26.06.2026";"Norwegen vs Frankreich";"11";"269";"5";"281";"11";"269";"20";"244";"13";"268";"7";"271";"21";"240";"25";"234";"24";"235";"13";"268";"28";"217";"30";"204";"7";"271";"15";"266";"9";"270";"31";"200";"23";"238";"6";"276";"17";"255";"29";"209";"26";"231";"19";"252";"9";"270";"22";"239";"32";"181";"2";"296";"16";"262";"3";"295";"27";"226";"18";"253";"4";"284";"1";"307"
"62";"26.06.2026";"Senegal vs Irak";"11";"274";"5";"287";"11";"274";"20";"250";"11";"274";"7";"277";"21";"246";"24";"240";"26";"235";"11";"274";"28";"223";"31";"204";"7";"277";"15";"272";"9";"276";"30";"206";"23";"244";"6";"282";"19";"256";"29";"210";"25";"237";"18";"258";"10";"275";"22";"245";"32";"182";"2";"302";"16";"262";"3";"301";"27";"232";"17";"259";"4";"289";"1";"313"
"63";"27.06.2026";"Uruguay vs Spanien";"12";"280";"4";"295";"12";"280";"20";"258";"9";"282";"8";"283";"21";"251";"24";"245";"26";"240";"9";"282";"28";"228";"31";"209";"9";"282";"12";"280";"7";"284";"30";"214";"23";"250";"6";"287";"19";"262";"29";"216";"25";"243";"18";"263";"12";"280";"21";"251";"32";"188";"2";"310";"16";"267";"3";"307";"26";"240";"17";"264";"4";"295";"1";"321"
"64";"27.06.2026";"Kap Verde vs Saudi-Arabien";"13";"281";"4";"296";"14";"280";"22";"258";"12";"282";"6";"293";"21";"259";"23";"253";"26";"241";"8";"290";"28";"228";"31";"210";"11";"283";"9";"288";"7";"292";"29";"224";"20";"260";"10";"287";"16";"272";"30";"216";"23";"253";"17";"271";"14";"280";"25";"252";"32";"196";"2";"318";"18";"268";"3";"317";"26";"241";"19";"265";"4";"296";"1";"322"
"65";"27.06.2026";"Neuseeland vs Belgien";"13";"286";"5";"301";"13";"286";"22";"263";"12";"287";"6";"299";"21";"264";"23";"258";"26";"246";"8";"295";"29";"228";"31";"211";"11";"288";"9";"293";"7";"298";"28";"230";"20";"265";"10";"292";"17";"273";"30";"216";"23";"258";"18";"271";"13";"286";"25";"257";"32";"197";"2";"323";"16";"274";"3";"322";"26";"246";"19";"270";"4";"302";"1";"327"
"66";"27.06.2026";"Ägypten vs Iran";"13";"287";"5";"301";"13";"287";"22";"263";"8";"297";"6";"299";"21";"265";"23";"259";"26";"247";"9";"296";"29";"238";"31";"211";"12";"288";"10";"294";"6";"299";"28";"240";"18";"275";"11";"293";"16";"281";"30";"217";"23";"259";"16";"281";"13";"287";"25";"258";"32";"205";"2";"324";"18";"275";"3";"322";"26";"247";"20";"270";"4";"303";"1";"328"
"67";"27.06.2026";"Kroatien vs Ghana";"13";"293";"5";"307";"15";"288";"23";"264";"5";"307";"10";"300";"20";"275";"22";"269";"26";"257";"7";"306";"29";"238";"31";"219";"14";"289";"10";"300";"4";"309";"28";"241";"19";"276";"9";"303";"16";"282";"30";"223";"24";"260";"16";"282";"12";"297";"25";"259";"32";"205";"3";"325";"18";"281";"1";"330";"26";"257";"21";"270";"8";"304";"2";"329"
"68";"27.06.2026";"Panama vs England";"13";"299";"6";"313";"14";"298";"23";"270";"4";"317";"10";"306";"19";"285";"21";"279";"24";"267";"8";"312";"29";"243";"31";"225";"15";"295";"10";"306";"5";"315";"28";"247";"20";"282";"6";"313";"16";"292";"30";"229";"26";"266";"16";"292";"12";"303";"27";"265";"32";"211";"2";"335";"18";"287";"1";"336";"24";"267";"22";"275";"8";"312";"2";"335"
"69";"27.06.2026";"Kolumbien vs Portugal";"15";"299";"6";"313";"11";"306";"22";"278";"4";"325";"10";"307";"19";"285";"21";"279";"24";"267";"8";"312";"29";"243";"31";"225";"16";"295";"11";"306";"5";"315";"28";"247";"20";"282";"6";"313";"14";"300";"30";"230";"26";"266";"17";"292";"13";"303";"27";"265";"32";"211";"2";"335";"18";"287";"1";"336";"24";"267";"23";"275";"8";"312";"2";"335"
"70";"27.06.2026";"DR Kongo vs Usbekistan";"13";"305";"5";"321";"10";"312";"23";"279";"4";"326";"9";"315";"18";"293";"21";"284";"24";"272";"8";"317";"29";"244";"31";"226";"17";"295";"12";"311";"6";"320";"28";"248";"19";"292";"7";"318";"13";"305";"30";"231";"27";"266";"16";"300";"15";"304";"26";"270";"32";"211";"2";"336";"20";"288";"1";"341";"24";"272";"22";"280";"10";"312";"3";"335"
"71";"28.06.2026";"Algerien vs Österreich";"14";"305";"6";"321";"7";"320";"23";"279";"4";"334";"5";"323";"19";"293";"21";"284";"24";"272";"10";"317";"29";"244";"31";"226";"16";"303";"13";"311";"7";"320";"28";"248";"20";"292";"9";"318";"11";"313";"30";"231";"27";"266";"17";"301";"15";"304";"26";"270";"32";"219";"1";"344";"18";"296";"2";"341";"24";"272";"22";"281";"12";"312";"3";"335"
"72";"28.06.2026";"Jordanien vs Argentinien";"14";"311";"6";"326";"8";"325";"23";"284";"4";"342";"5";"328";"20";"299";"21";"290";"25";"278";"10";"323";"29";"250";"31";"232";"14";"311";"12";"317";"6";"326";"28";"254";"19";"300";"9";"324";"11";"321";"30";"237";"27";"274";"17";"307";"16";"310";"26";"276";"32";"220";"1";"350";"18";"301";"2";"347";"24";"280";"22";"289";"12";"317";"3";"343"
"73";"28.06.2026";"Südafrika vs Kanada";"14";"323";"6";"342";"7";"341";"22";"296";"4";"358";"5";"348";"20";"301";"26";"290";"24";"294";"9";"339";"29";"252";"31";"232";"12";"327";"11";"333";"10";"338";"28";"254";"18";"312";"8";"340";"14";"323";"30";"239";"26";"290";"19";"309";"13";"326";"25";"292";"32";"220";"1";"370";"16";"321";"3";"359";"22";"296";"21";"299";"17";"317";"2";"363"
"74";"29.06.2026";"Brasilien vs Japan";"15";"335";"6";"362";"8";"353";"23";"308";"3";"378";"5";"368";"27";"301";"25";"302";"24";"306";"7";"359";"28";"272";"30";"244";"12";"343";"8";"353";"11";"350";"29";"266";"17";"332";"10";"352";"18";"323";"31";"239";"25";"302";"19";"321";"13";"338";"21";"312";"32";"222";"1";"382";"16";"333";"2";"379";"20";"316";"22";"309";"14";"337";"4";"375"
"75";"29.06.2026";"Deutschland vs Paraguay";"15";"335";"6";"362";"10";"353";"22";"310";"2";"380";"5";"368";"27";"301";"25";"302";"24";"306";"7";"361";"28";"274";"30";"246";"12";"345";"8";"355";"11";"352";"29";"266";"17";"332";"9";"354";"18";"325";"31";"241";"25";"302";"19";"323";"14";"338";"21";"312";"32";"224";"1";"384";"15";"335";"3";"379";"20";"318";"23";"309";"13";"339";"4";"375"
"76";"30.06.2026";"Niederlande vs Marokko";"16";"337";"3";"382";"6";"373";"22";"312";"3";"382";"7";"370";"27";"301";"25";"304";"24";"308";"9";"363";"28";"276";"30";"246";"12";"345";"10";"357";"8";"368";"29";"268";"18";"332";"11";"356";"20";"327";"31";"243";"25";"304";"13";"343";"15";"340";"18";"332";"32";"240";"1";"400";"16";"337";"2";"399";"21";"320";"23";"311";"14";"341";"5";"377"
"77";"30.06.2026";"Elfenbeinküste vs Norwegen";"15";"349";"2";"402";"6";"385";"22";"324";"4";"394";"10";"372";"27";"301";"22";"324";"20";"328";"7";"383";"28";"296";"31";"246";"11";"361";"13";"359";"5";"388";"29";"268";"16";"348";"9";"376";"21";"327";"32";"243";"25";"316";"17";"345";"12";"360";"19";"334";"30";"260";"2";"402";"14";"353";"1";"411";"24";"320";"26";"313";"18";"341";"8";"379"
"78";"30.06.2026";"Frankreich vs Schweden";"14";"369";"2";"414";"5";"405";"23";"336";"4";"406";"10";"384";"28";"301";"20";"344";"21";"340";"8";"393";"27";"308";"31";"266";"11";"377";"13";"371";"6";"400";"29";"280";"16";"358";"9";"388";"22";"337";"32";"243";"25";"328";"17";"357";"12";"372";"19";"346";"30";"272";"3";"412";"15";"365";"1";"423";"24";"332";"26";"325";"17";"357";"7";"395"
"79";"01.07.2026";"Mexiko vs Ecuador";"17";"369";"2";"426";"5";"417";"24";"336";"4";"418";"10";"396";"28";"301";"20";"356";"21";"352";"7";"405";"27";"308";"31";"266";"13";"377";"12";"383";"8";"400";"29";"292";"16";"374";"8";"400";"22";"349";"32";"243";"26";"328";"13";"377";"11";"384";"18";"358";"30";"272";"3";"424";"13";"377";"1";"435";"25";"332";"23";"337";"19";"357";"6";"411"
"80";"01.07.2026";"England vs DR Kongo";"17";"379";"2";"438";"3";"437";"26";"336";"5";"430";"9";"412";"29";"301";"21";"368";"18";"372";"8";"417";"27";"318";"30";"286";"14";"393";"13";"395";"9";"412";"28";"308";"16";"384";"7";"420";"20";"369";"32";"263";"25";"340";"11";"397";"12";"396";"19";"370";"31";"284";"4";"434";"14";"393";"1";"447";"24";"344";"23";"349";"22";"367";"6";"427"
"81";"01.07.2026";"Belgien vs Senegal";"19";"381";"2";"454";"3";"453";"26";"336";"4";"446";"10";"412";"30";"301";"20";"380";"16";"388";"8";"433";"27";"318";"29";"302";"13";"409";"12";"411";"9";"428";"27";"318";"17";"386";"6";"436";"22";"369";"32";"265";"25";"356";"14";"399";"10";"412";"21";"372";"31";"294";"7";"434";"15";"395";"1";"463";"23";"360";"24";"359";"18";"383";"5";"443"
"82";"02.07.2026";"USA vs Bosnien-Herzeg.";"20";"381";"1";"474";"2";"465";"26";"336";"4";"458";"11";"424";"30";"301";"17";"400";"16";"408";"5";"453";"29";"318";"27";"322";"10";"425";"13";"411";"9";"440";"28";"320";"18";"398";"6";"448";"20";"381";"32";"265";"25";"368";"13";"411";"11";"424";"22";"372";"31";"294";"7";"446";"13";"411";"3";"463";"22";"372";"24";"371";"19";"395";"8";"443"
"83";"02.07.2026";"Spanien vs Österreich";"21";"391";"1";"486";"2";"477";"26";"336";"4";"468";"11";"436";"31";"301";"17";"416";"16";"420";"5";"465";"29";"330";"27";"334";"10";"437";"14";"423";"8";"452";"28";"332";"18";"410";"6";"460";"20";"393";"32";"265";"24";"380";"14";"423";"11";"436";"22";"384";"30";"306";"9";"446";"13";"427";"3";"475";"22";"384";"25";"371";"19";"407";"7";"455"
"84";"02.07.2026";"Portugal vs Kroatien";"24";"393";"1";"506";"2";"497";"28";"336";"3";"488";"9";"456";"31";"301";"16";"436";"14";"440";"4";"485";"27";"342";"28";"336";"11";"447";"12";"443";"10";"452";"26";"344";"20";"412";"8";"460";"19";"413";"32";"265";"23";"400";"18";"425";"15";"438";"21";"404";"30";"326";"7";"466";"12";"443";"5";"475";"21";"404";"25";"383";"17";"427";"5";"475"
"85";"03.07.2026";"Schweiz vs Algerien";"24";"409";"1";"526";"3";"497";"30";"336";"2";"500";"8";"468";"31";"301";"16";"448";"14";"452";"3";"497";"26";"362";"27";"356";"11";"463";"12";"455";"10";"464";"27";"356";"20";"424";"7";"472";"19";"425";"32";"277";"21";"420";"18";"437";"15";"450";"23";"416";"29";"338";"9";"466";"12";"455";"5";"495";"21";"420";"25";"403";"17";"447";"6";"491"
"86";"03.07.2026";"Australien vs Ägypten";"24";"411";"1";"528";"3";"499";"30";"336";"2";"502";"8";"470";"31";"301";"16";"450";"14";"454";"3";"499";"28";"364";"26";"376";"11";"463";"13";"455";"10";"464";"27";"372";"21";"426";"7";"474";"20";"427";"32";"279";"18";"440";"19";"439";"15";"452";"23";"418";"29";"340";"9";"468";"12";"457";"5";"495";"22";"422";"25";"405";"17";"449";"6";"491"
"87";"03.07.2026";"Argentinien vs Kap Verde";"24";"423";"1";"540";"3";"511";"30";"348";"2";"512";"8";"480";"31";"301";"16";"462";"14";"464";"3";"511";"27";"380";"28";"378";"11";"475";"13";"465";"10";"476";"26";"384";"21";"438";"7";"486";"20";"439";"32";"281";"18";"452";"19";"451";"14";"464";"23";"430";"29";"352";"9";"478";"12";"469";"5";"505";"22";"434";"25";"415";"17";"461";"6";"503"
"88";"04.07.2026";"Kolumbien vs Ghana";"23";"439";"1";"560";"2";"527";"30";"360";"4";"524";"8";"500";"31";"301";"14";"478";"11";"484";"2";"527";"28";"382";"26";"394";"10";"487";"15";"477";"9";"496";"27";"386";"24";"438";"7";"506";"20";"459";"32";"283";"17";"472";"18";"471";"12";"480";"22";"446";"29";"372";"12";"480";"19";"469";"6";"507";"21";"454";"25";"417";"16";"473";"5";"519"
"89";"04.07.2026";"Kanada vs Marokko";"23";"439";"1";"570";"2";"539";"30";"360";"5";"524";"8";"510";"31";"301";"17";"478";"11";"494";"4";"527";"28";"382";"26";"404";"10";"499";"18";"477";"9";"506";"27";"398";"24";"438";"7";"516";"19";"469";"32";"283";"15";"482";"13";"483";"12";"490";"22";"458";"29";"372";"16";"480";"19";"469";"6";"517";"21";"466";"25";"427";"13";"483";"3";"531"
"90";"04.07.2026";"Paraguay vs Frankreich";"23";"451";"1";"582";"2";"551";"30";"372";"4";"540";"8";"522";"31";"301";"16";"490";"11";"504";"5";"539";"28";"398";"26";"420";"10";"511";"17";"489";"9";"516";"27";"414";"25";"438";"7";"528";"20";"479";"32";"285";"15";"494";"13";"495";"12";"502";"22";"470";"29";"384";"19";"482";"18";"485";"6";"529";"21";"476";"24";"439";"13";"495";"3";"543"
"91";"05.07.2026";"Brasilien vs Norwegen";"22";"471";"1";"582";"2";"551";"30";"374";"5";"540";"7";"538";"31";"301";"18";"490";"11";"504";"6";"539";"28";"398";"26";"420";"10";"513";"19";"489";"9";"516";"27";"416";"25";"438";"8";"528";"21";"481";"32";"297";"17";"494";"16";"495";"12";"502";"23";"470";"29";"384";"12";"502";"20";"487";"3";"549";"15";"496";"24";"439";"14";"497";"4";"543"
"92";"06.07.2026";"Mexiko vs England";"22";"481";"1";"598";"7";"553";"30";"374";"4";"556";"6";"554";"32";"301";"16";"506";"10";"520";"5";"555";"28";"398";"26";"436";"12";"515";"17";"505";"9";"528";"27";"432";"25";"438";"8";"544";"19";"497";"31";"309";"15";"510";"19";"497";"11";"518";"23";"472";"29";"386";"18";"502";"21";"489";"2";"559";"14";"512";"24";"455";"13";"513";"2";"559"
"93";"06.07.2026";"Portugal vs Spanien";"22";"497";"1";"614";"5";"569";"30";"390";"3";"572";"8";"556";"32";"317";"17";"516";"10";"536";"4";"571";"28";"408";"26";"452";"12";"531";"16";"521";"9";"544";"27";"448";"25";"458";"7";"560";"18";"513";"31";"325";"14";"526";"19";"507";"11";"534";"23";"488";"29";"402";"20";"504";"21";"499";"2";"575";"13";"528";"24";"465";"15";"523";"5";"569"
"94";"07.07.2026";"USA vs Belgien";"23";"497";"1";"624";"4";"581";"30";"392";"6";"572";"8";"558";"32";"329";"15";"526";"9";"546";"3";"583";"28";"418";"27";"454";"13";"531";"17";"521";"11";"544";"26";"458";"25";"470";"7";"562";"18";"513";"31";"337";"12";"538";"19";"507";"9";"546";"21";"500";"29";"414";"20";"506";"22";"499";"2";"587";"14";"530";"24";"475";"16";"523";"5";"579"
"95";"07.07.2026";"Argentinien vs Ägypten";"21";"513";"1";"636";"4";"591";"30";"392";"6";"584";"8";"570";"32";"345";"15";"536";"10";"558";"3";"593";"28";"430";"27";"456";"13";"543";"17";"531";"11";"556";"26";"474";"25";"480";"7";"572";"18";"523";"31";"347";"12";"554";"20";"517";"9";"562";"22";"512";"29";"414";"19";"518";"23";"509";"2";"597";"14";"540";"24";"491";"16";"535";"4";"591"
"96";"07.07.2026";"Schweiz vs Kolumbien";"21";"513";"1";"638";"3";"593";"30";"392";"6";"586";"7";"572";"32";"345";"15";"536";"10";"560";"3";"593";"28";"430";"27";"456";"13";"543";"19";"531";"11";"556";"26";"474";"25";"482";"7";"572";"20";"523";"31";"347";"12";"554";"18";"533";"9";"562";"22";"512";"29";"414";"17";"534";"23";"511";"2";"597";"14";"540";"24";"507";"16";"535";"3";"593"
"97";"09.07.2026";"Frankreich vs Marokko";"22";"525";"1";"658";"3";"613";"30";"392";"6";"598";"10";"572";"32";"357";"17";"548";"10";"572";"5";"605";"28";"446";"27";"458";"13";"553";"18";"543";"10";"572";"26";"486";"25";"502";"7";"588";"19";"535";"31";"359";"8";"574";"20";"533";"8";"574";"23";"524";"29";"426";"16";"550";"21";"527";"2";"617";"14";"552";"24";"519";"15";"551";"3";"613"
"98";"10.07.2026";"Spanien vs Belgien";"21";"537";"1";"670";"3";"625";"30";"392";"5";"618";"10";"592";"32";"377";"14";"568";"10";"592";"3";"625";"28";"466";"27";"478";"13";"569";"16";"563";"10";"592";"26";"506";"25";"518";"7";"600";"18";"551";"31";"379";"8";"594";"20";"549";"8";"594";"22";"536";"29";"446";"19";"550";"24";"527";"2";"633";"14";"568";"23";"531";"16";"563";"6";"615"
"99";"11.07.2026";"Norwegen vs England";"19";"557";"1";"690";"5";"625";"30";"392";"2";"638";"9";"612";"32";"377";"13";"584";"9";"612";"5";"625";"28";"468";"27";"498";"16";"569";"18";"565";"9";"612";"26";"506";"25";"520";"7";"620";"20";"551";"31";"379";"8";"614";"16";"569";"12";"594";"23";"536";"29";"446";"22";"550";"24";"527";"4";"633";"15";"570";"20";"551";"14";"583";"3";"635"
"100";"12.07.2026";"Argentinien vs Schweiz";"18";"569";"1";"702";"4";"641";"30";"392";"2";"650";"9";"614";"31";"389";"13";"596";"9";"614";"8";"625";"28";"470";"27";"500";"18";"569";"15";"581";"11";"612";"26";"508";"24";"536";"6";"632";"22";"563";"32";"379";"7";"626";"17";"571";"12";"606";"23";"552";"29";"446";"21";"566";"25";"527";"5";"635";"16";"572";"20";"567";"14";"595";"3";"645"
